[05Oct2025 14:19:06.950] [main/INFO] [cpw.mods.modlauncher.Launcher/MODLAUNCHER]: ModLauncher running: args [--launchTarget, forgeserver, --fml.forgeVersion, 47.4.0, --fml.mcVersion, 1.20.1, --fml.forgeGroup, net.minecraftforge, --fml.mcpVersion, 20230612.114412, nogui]
[05Oct2025 14:19:06.954] [main/INFO] [cpw.mods.modlauncher.Launcher/MODLAUNCHER]: ModLauncher 10.0.9+10.0.9+main.dcd20f30 starting: java version 17.0.16 by Ubuntu; OS Linux arch amd64 version 6.8.0-1030-azure
[05Oct2025 14:19:06.978] [main/DEBUG] [cpw.mods.modlauncher.LaunchServiceHandler/MODLAUNCHER]: Found launch services [fmlclientdev,forgeclient,minecraft,forgegametestserverdev,fmlserveruserdev,fmlclient,fmldatauserdev,forgeserverdev,forgeserveruserdev,forgeclientdev,forgeclientuserdev,forgeserver,forgedatadev,fmlserver,fmlclientuserdev,fmlserverdev,forgedatauserdev,testharness,forgegametestserveruserdev]
[05Oct2025 14:19:06.990] [main/DEBUG] [cpw.mods.modlauncher.NameMappingServiceHandler/MODLAUNCHER]: Found naming services : [srgtomcp]
[05Oct2025 14:19:07.005] [main/DEBUG] [cpw.mods.modlauncher.LaunchPluginHandler/MODLAUNCHER]: Found launch plugins: [mixin,eventbus,slf4jfixer,object_holder_definalize,runtime_enum_extender,capability_token_subclass,accesstransformer,runtimedistcleaner]
[05Oct2025 14:19:07.014] [main/DEBUG] [cpw.mods.modlauncher.TransformationServicesHandler/MODLAUNCHER]: Discovering transformation services
[05Oct2025 14:19:07.019] [main/DEBUG] [net.minecraftforge.fml.loading.FMLPaths/CORE]: Path GAMEDIR is /workspaces/Servidor/servidor_minecraft
[05Oct2025 14:19:07.019] [main/DEBUG] [net.minecraftforge.fml.loading.FMLPaths/CORE]: Path MODSDIR is /workspaces/Servidor/servidor_minecraft/mods
[05Oct2025 14:19:07.019] [main/DEBUG] [net.minecraftforge.fml.loading.FMLPaths/CORE]: Path CONFIGDIR is /workspaces/Servidor/servidor_minecraft/config
[05Oct2025 14:19:07.019] [main/DEBUG] [net.minecraftforge.fml.loading.FMLPaths/CORE]: Path FMLCONFIG is /workspaces/Servidor/servidor_minecraft/config/fml.toml
[05Oct2025 14:19:07.147] [main/DEBUG] [cpw.mods.modlauncher.TransformationServicesHandler/MODLAUNCHER]: Found additional transformation services from discovery services: 
[05Oct2025 14:19:07.200] [main/INFO] [net.minecraftforge.fml.loading.ImmediateWindowHandler/]: ImmediateWindowProvider not loading because launch target is forgeserver
[05Oct2025 14:19:07.207] [main/DEBUG] [cpw.mods.modlauncher.TransformationServicesHandler/MODLAUNCHER]: Found transformer services : [mixin,fml]
[05Oct2025 14:19:07.207] [main/DEBUG] [cpw.mods.modlauncher.TransformationServicesHandler/MODLAUNCHER]: Transformation services loading
[05Oct2025 14:19:07.208] [main/DEBUG] [cpw.mods.modlauncher.TransformationServiceDecorator/MODLAUNCHER]: Loading service mixin
[05Oct2025 14:19:07.208] [main/DEBUG] [cpw.mods.modlauncher.TransformationServiceDecorator/MODLAUNCHER]: Loaded service mixin
[05Oct2025 14:19:07.208] [main/DEBUG] [cpw.mods.modlauncher.TransformationServiceDecorator/MODLAUNCHER]: Loading service fml
[05Oct2025 14:19:07.209] [main/DEBUG] [net.minecraftforge.fml.loading.LauncherVersion/CORE]: Found FMLLauncher version 1.0
[05Oct2025 14:19:07.209] [main/DEBUG] [net.minecraftforge.fml.loading.FMLLoader/CORE]: FML 1.0 loading
[05Oct2025 14:19:07.209] [main/DEBUG] [net.minecraftforge.fml.loading.FMLLoader/CORE]: FML found ModLauncher version : 10.0.9+10.0.9+main.dcd20f30
[05Oct2025 14:19:07.209] [main/DEBUG] [net.minecraftforge.fml.loading.FMLLoader/CORE]: Requesting CoreMods to not apply the fix for ASMAPI.findFirstInstructionBefore by default
[05Oct2025 14:19:07.210] [main/DEBUG] [net.minecraftforge.fml.loading.FMLLoader/CORE]: FML found AccessTransformer version : 8.0.4+66+master.c09db6d7
[05Oct2025 14:19:07.210] [main/DEBUG] [net.minecraftforge.fml.loading.FMLLoader/CORE]: FML found EventBus version : 6.0.5+6.0.5+master.eb8e549b
[05Oct2025 14:19:07.211] [main/DEBUG] [net.minecraftforge.fml.loading.FMLLoader/CORE]: Found Runtime Dist Cleaner
[05Oct2025 14:19:07.212] [main/DEBUG] [net.minecraftforge.coremod.CoreModEngine/]: CoreMods will preserve legacy behavior of ASMAPI.findFirstInstructionBefore for backwards-compatibility
[05Oct2025 14:19:07.212] [main/DEBUG] [net.minecraftforge.fml.loading.FMLLoader/CORE]: FML found CoreMod version : 5.2.4
[05Oct2025 14:19:07.212] [main/DEBUG] [net.minecraftforge.fml.loading.FMLLoader/CORE]: Found ForgeSPI package implementation version 7.0.1+7.0.1+master.d2b38bf6
[05Oct2025 14:19:07.213] [main/DEBUG] [net.minecraftforge.fml.loading.FMLLoader/CORE]: Found ForgeSPI package specification 5
[05Oct2025 14:19:07.213] [main/DEBUG] [cpw.mods.modlauncher.TransformationServiceDecorator/MODLAUNCHER]: Loaded service fml
[05Oct2025 14:19:07.213] [main/DEBUG] [cpw.mods.modlauncher.TransformationServicesHandler/MODLAUNCHER]: Configuring option handling for services
[05Oct2025 14:19:07.220] [main/DEBUG] [cpw.mods.modlauncher.TransformationServicesHandler/MODLAUNCHER]: Transformation services initializing
[05Oct2025 14:19:07.221] [main/DEBUG] [cpw.mods.modlauncher.TransformationServiceDecorator/MODLAUNCHER]: Initializing transformation service mixin
[05Oct2025 14:19:07.235] [main/DEBUG] [mixin/]: MixinService [ModLauncher] was successfully booted in cpw.mods.cl.ModuleClassLoader@7a3d45bd
[05Oct2025 14:19:07.333] [main/INFO] [mixin/]: SpongePowered MIXIN Subsystem Version=0.8.5 Source=union:/workspaces/Servidor/servidor_minecraft/libraries/org/spongepowered/mixin/0.8.5/mixin-0.8.5.jar%2365!/ Service=ModLauncher Env=SERVER
[05Oct2025 14:19:07.337] [main/DEBUG] [mixin/]: Initialising Mixin Platform Manager
[05Oct2025 14:19:07.338] [main/DEBUG] [mixin/]: Adding mixin platform agents for container ModLauncher Root Container(ModLauncher:4f56a0a2)
[05Oct2025 14:19:07.338] [main/DEBUG] [mixin/]: Instancing new MixinPlatformAgentMinecraftForge for ModLauncher Root Container(ModLauncher:4f56a0a2)
[05Oct2025 14:19:07.339] [main/DEBUG] [mixin/]: MixinPlatformAgentMinecraftForge rejected container ModLauncher Root Container(ModLauncher:4f56a0a2)
[05Oct2025 14:19:07.339] [main/DEBUG] [mixin/]: Instancing new MixinPlatformAgentDefault for ModLauncher Root Container(ModLauncher:4f56a0a2)
[05Oct2025 14:19:07.340] [main/DEBUG] [mixin/]: MixinPlatformAgentDefault accepted container ModLauncher Root Container(ModLauncher:4f56a0a2)
[05Oct2025 14:19:07.343] [main/DEBUG] [cpw.mods.modlauncher.TransformationServiceDecorator/MODLAUNCHER]: Initialized transformation service mixin
[05Oct2025 14:19:07.343] [main/DEBUG] [cpw.mods.modlauncher.TransformationServiceDecorator/MODLAUNCHER]: Initializing transformation service fml
[05Oct2025 14:19:07.344] [main/DEBUG] [net.minecraftforge.fml.loading.FMLServiceProvider/CORE]: Setting up basic FML game directories
[05Oct2025 14:19:07.344] [main/DEBUG] [net.minecraftforge.fml.loading.FMLPaths/CORE]: Path GAMEDIR is /workspaces/Servidor/servidor_minecraft
[05Oct2025 14:19:07.344] [main/DEBUG] [net.minecraftforge.fml.loading.FMLPaths/CORE]: Path MODSDIR is /workspaces/Servidor/servidor_minecraft/mods
[05Oct2025 14:19:07.344] [main/DEBUG] [net.minecraftforge.fml.loading.FMLPaths/CORE]: Path CONFIGDIR is /workspaces/Servidor/servidor_minecraft/config
[05Oct2025 14:19:07.344] [main/DEBUG] [net.minecraftforge.fml.loading.FMLPaths/CORE]: Path FMLCONFIG is /workspaces/Servidor/servidor_minecraft/config/fml.toml
[05Oct2025 14:19:07.345] [main/DEBUG] [net.minecraftforge.fml.loading.FMLServiceProvider/CORE]: Loading configuration
[05Oct2025 14:19:07.347] [main/DEBUG] [net.minecraftforge.fml.loading.FMLServiceProvider/CORE]: Preparing ModFile
[05Oct2025 14:19:07.350] [main/DEBUG] [net.minecraftforge.fml.loading.FMLServiceProvider/CORE]: Preparing launch handler
[05Oct2025 14:19:07.350] [main/DEBUG] [net.minecraftforge.fml.loading.FMLLoader/CORE]: Using forgeserver as launch service
[05Oct2025 14:19:07.364] [main/DEBUG] [net.minecraftforge.fml.loading.FMLLoader/CORE]: Received command line version data  : VersionInfo[forgeVersion=47.4.0, mcVersion=1.20.1, mcpVersion=20230612.114412, forgeGroup=net.minecraftforge]
[05Oct2025 14:19:07.365] [main/DEBUG] [cpw.mods.modlauncher.TransformationServiceDecorator/MODLAUNCHER]: Initialized transformation service fml
[05Oct2025 14:19:07.365] [main/DEBUG] [cpw.mods.modlauncher.NameMappingServiceHandler/MODLAUNCHER]: Current naming domain is 'srg'
[05Oct2025 14:19:07.366] [main/DEBUG] [cpw.mods.modlauncher.NameMappingServiceHandler/MODLAUNCHER]: Identified name mapping providers {}
[05Oct2025 14:19:07.366] [main/DEBUG] [cpw.mods.modlauncher.TransformationServicesHandler/MODLAUNCHER]: Transformation services begin scanning
[05Oct2025 14:19:07.367] [main/DEBUG] [cpw.mods.modlauncher.TransformationServiceDecorator/MODLAUNCHER]: Beginning scan trigger - transformation service mixin
[05Oct2025 14:19:07.367] [main/DEBUG] [cpw.mods.modlauncher.TransformationServiceDecorator/MODLAUNCHER]: End scan trigger - transformation service mixin
[05Oct2025 14:19:07.367] [main/DEBUG] [cpw.mods.modlauncher.TransformationServiceDecorator/MODLAUNCHER]: Beginning scan trigger - transformation service fml
[05Oct2025 14:19:07.367] [main/DEBUG] [net.minecraftforge.fml.loading.FMLServiceProvider/CORE]: Initiating mod scan
[05Oct2025 14:19:07.377] [main/DEBUG] [net.minecraftforge.fml.loading.moddiscovery.ModListHandler/CORE]: Found mod coordinates from lists: []
[05Oct2025 14:19:07.381] [main/DEBUG] [net.minecraftforge.fml.loading.moddiscovery.ModDiscoverer/CORE]: Found Mod Locators : (mods folder:null),(maven libs:null),(exploded directory:null),(minecraft:null),(userdev classpath:null)
[05Oct2025 14:19:07.382] [main/DEBUG] [net.minecraftforge.fml.loading.moddiscovery.ModDiscoverer/CORE]: Found Dependency Locators : (JarInJar:null)
[05Oct2025 14:19:07.387] [main/DEBUG] [net.minecraftforge.fml.loading.moddiscovery.ModFileParser/LOADING]: Considering mod file candidate /workspaces/Servidor/servidor_minecraft/mods/geckolib-forge-1.20.1-4.8.2.jar
[05Oct2025 14:19:07.426] [main/DEBUG] [net.minecraftforge.fml.loading.moddiscovery.ModFileInfo/LOADING]: Found valid mod file geckolib-forge-1.20.1-4.8.2.jar with {geckolib} mods - versions {4.8.2}
[05Oct2025 14:19:07.427] [main/DEBUG] [net.minecraftforge.fml.loading.moddiscovery.ModFileParser/LOADING]: Considering mod file candidate /workspaces/Servidor/servidor_minecraft/mods/orbital_railgun-1.0.1.jar
[05Oct2025 14:19:07.429] [main/DEBUG] [net.minecraftforge.fml.loading.moddiscovery.ModFileInfo/LOADING]: Found valid mod file orbital_railgun-1.0.1.jar with {orbital_railgun} mods - versions {1.0.1}
[05Oct2025 14:19:07.652] [main/DEBUG] [net.minecraftforge.fml.loading.moddiscovery.ModFileInfo/LOADING]: Found valid mod file server-1.20.1-20230612.114412-srg.jar with {minecraft} mods - versions {1.20.1}
[05Oct2025 14:19:07.692] [main/DEBUG] [net.minecraftforge.fml.loading.moddiscovery.ModFileParser/LOADING]: Considering mod file candidate /workspaces/Servidor/servidor_minecraft/libraries/net/minecraftforge/fmlcore/1.20.1-47.4.0/fmlcore-1.20.1-47.4.0.jar
[05Oct2025 14:19:07.693] [main/WARN] [net.minecraftforge.fml.loading.moddiscovery.ModFileParser/LOADING]: Mod file /workspaces/Servidor/servidor_minecraft/libraries/net/minecraftforge/fmlcore/1.20.1-47.4.0/fmlcore-1.20.1-47.4.0.jar is missing mods.toml file
[05Oct2025 14:19:07.695] [main/DEBUG] [net.minecraftforge.fml.loading.moddiscovery.ModFileParser/LOADING]: Considering mod file candidate /workspaces/Servidor/servidor_minecraft/libraries/net/minecraftforge/javafmllanguage/1.20.1-47.4.0/javafmllanguage-1.20.1-47.4.0.jar
[05Oct2025 14:19:07.695] [main/WARN] [net.minecraftforge.fml.loading.moddiscovery.ModFileParser/LOADING]: Mod file /workspaces/Servidor/servidor_minecraft/libraries/net/minecraftforge/javafmllanguage/1.20.1-47.4.0/javafmllanguage-1.20.1-47.4.0.jar is missing mods.toml file
[05Oct2025 14:19:07.696] [main/DEBUG] [net.minecraftforge.fml.loading.moddiscovery.ModFileParser/LOADING]: Considering mod file candidate /workspaces/Servidor/servidor_minecraft/libraries/net/minecraftforge/lowcodelanguage/1.20.1-47.4.0/lowcodelanguage-1.20.1-47.4.0.jar
[05Oct2025 14:19:07.696] [main/WARN] [net.minecraftforge.fml.loading.moddiscovery.ModFileParser/LOADING]: Mod file /workspaces/Servidor/servidor_minecraft/libraries/net/minecraftforge/lowcodelanguage/1.20.1-47.4.0/lowcodelanguage-1.20.1-47.4.0.jar is missing mods.toml file
[05Oct2025 14:19:07.698] [main/DEBUG] [net.minecraftforge.fml.loading.moddiscovery.ModFileParser/LOADING]: Considering mod file candidate /workspaces/Servidor/servidor_minecraft/libraries/net/minecraftforge/mclanguage/1.20.1-47.4.0/mclanguage-1.20.1-47.4.0.jar
[05Oct2025 14:19:07.698] [main/WARN] [net.minecraftforge.fml.loading.moddiscovery.ModFileParser/LOADING]: Mod file /workspaces/Servidor/servidor_minecraft/libraries/net/minecraftforge/mclanguage/1.20.1-47.4.0/mclanguage-1.20.1-47.4.0.jar is missing mods.toml file
[05Oct2025 14:19:07.761] [main/DEBUG] [net.minecraftforge.fml.loading.moddiscovery.ModFileParser/LOADING]: Considering mod file candidate /workspaces/Servidor/servidor_minecraft/libraries/net/minecraftforge/forge/1.20.1-47.4.0/forge-1.20.1-47.4.0-universal.jar
[05Oct2025 14:19:07.762] [main/DEBUG] [net.minecraftforge.fml.loading.moddiscovery.ModFileInfo/LOADING]: Found valid mod file forge-1.20.1-47.4.0-universal.jar with {forge} mods - versions {47.4.0}
[05Oct2025 14:19:07.785] [main/DEBUG] [net.minecraftforge.fml.loading.moddiscovery.AbstractJarFileDependencyLocator/]: Failed to load resource META-INF/jarjar/metadata.json from server-1.20.1-20230612.114412-srg.jar, it does not contain dependency information.
[05Oct2025 14:19:07.786] [main/DEBUG] [net.minecraftforge.fml.loading.moddiscovery.AbstractJarFileDependencyLocator/]: Failed to load resource META-INF/jarjar/metadata.json from orbital_railgun-1.0.1.jar, it does not contain dependency information.
[05Oct2025 14:19:07.786] [main/DEBUG] [net.minecraftforge.fml.loading.moddiscovery.AbstractJarFileDependencyLocator/]: Failed to load resource META-INF/jarjar/metadata.json from forge-1.20.1-47.4.0-universal.jar, it does not contain dependency information.
[05Oct2025 14:19:07.786] [main/DEBUG] [net.minecraftforge.fml.loading.moddiscovery.AbstractJarFileDependencyLocator/]: Failed to load resource META-INF/jarjar/metadata.json from mclanguage-1.20.1-47.4.0.jar, it does not contain dependency information.
[05Oct2025 14:19:07.786] [main/DEBUG] [net.minecraftforge.fml.loading.moddiscovery.AbstractJarFileDependencyLocator/]: Failed to load resource META-INF/jarjar/metadata.json from javafmllanguage-1.20.1-47.4.0.jar, it does not contain dependency information.
[05Oct2025 14:19:07.786] [main/DEBUG] [net.minecraftforge.fml.loading.moddiscovery.AbstractJarFileDependencyLocator/]: Failed to load resource META-INF/jarjar/metadata.json from fmlcore-1.20.1-47.4.0.jar, it does not contain dependency information.
[05Oct2025 14:19:07.787] [main/DEBUG] [net.minecraftforge.fml.loading.moddiscovery.AbstractJarFileDependencyLocator/]: Failed to load resource META-INF/jarjar/metadata.json from lowcodelanguage-1.20.1-47.4.0.jar, it does not contain dependency information.
[05Oct2025 14:19:07.886] [main/DEBUG] [net.minecraftforge.fml.loading.moddiscovery.AbstractJarFileDependencyLocator/]: Failed to load resource META-INF/jarjar/metadata.json from mclib-20.jar, it does not contain dependency information.
[05Oct2025 14:19:07.913] [main/INFO] [net.minecraftforge.fml.loading.moddiscovery.JarInJarDependencyLocator/]: Found 1 dependencies adding them to mods collection
[05Oct2025 14:19:07.915] [main/DEBUG] [net.minecraftforge.fml.loading.moddiscovery.ModFileInfo/LOADING]: Found valid mod file server-1.20.1-20230612.114412-srg.jar with {minecraft} mods - versions {1.20.1}
[05Oct2025 14:19:07.918] [main/DEBUG] [net.minecraftforge.fml.loading.moddiscovery.ModFile/LOADING]: Loading mod file /workspaces/Servidor/servidor_minecraft/libraries/net/minecraft/server/1.20.1-20230612.114412/server-1.20.1-20230612.114412-srg.jar with languages [LanguageSpec[languageName=minecraft, acceptedVersions=1]]
[05Oct2025 14:19:07.918] [main/DEBUG] [net.minecraftforge.fml.loading.moddiscovery.ModFileParser/LOADING]: Considering mod file candidate /workspaces/Servidor/servidor_minecraft/mods/orbital_railgun-1.0.1.jar
[05Oct2025 14:19:07.920] [main/DEBUG] [net.minecraftforge.fml.loading.moddiscovery.ModFileInfo/LOADING]: Found valid mod file orbital_railgun-1.0.1.jar with {orbital_railgun} mods - versions {1.0.1}
[05Oct2025 14:19:07.920] [main/DEBUG] [net.minecraftforge.fml.loading.moddiscovery.ModFile/LOADING]: Loading mod file /workspaces/Servidor/servidor_minecraft/mods/orbital_railgun-1.0.1.jar with languages [LanguageSpec[languageName=javafml, acceptedVersions=[47,)]]
[05Oct2025 14:19:07.920] [main/DEBUG] [net.minecraftforge.fml.loading.moddiscovery.ModFileParser/LOADING]: Considering mod file candidate /workspaces/Servidor/servidor_minecraft/libraries/net/minecraftforge/forge/1.20.1-47.4.0/forge-1.20.1-47.4.0-universal.jar
[05Oct2025 14:19:07.921] [main/DEBUG] [net.minecraftforge.fml.loading.moddiscovery.ModFileInfo/LOADING]: Found valid mod file forge-1.20.1-47.4.0-universal.jar with {forge} mods - versions {47.4.0}
[05Oct2025 14:19:07.921] [main/DEBUG] [net.minecraftforge.fml.loading.moddiscovery.ModFile/LOADING]: Loading mod file /workspaces/Servidor/servidor_minecraft/libraries/net/minecraftforge/forge/1.20.1-47.4.0/forge-1.20.1-47.4.0-universal.jar with languages [LanguageSpec[languageName=javafml, acceptedVersions=[24,]]]
[05Oct2025 14:19:07.923] [main/DEBUG] [net.minecraftforge.fml.loading.moddiscovery.ModFileParser/LOADING]: Found coremod field_to_method with Javascript path coremods/field_to_method.js
[05Oct2025 14:19:07.923] [main/DEBUG] [net.minecraftforge.fml.loading.moddiscovery.ModFileParser/LOADING]: Found coremod field_to_instanceof with Javascript path coremods/field_to_instanceof.js
[05Oct2025 14:19:07.923] [main/DEBUG] [net.minecraftforge.fml.loading.moddiscovery.ModFileParser/LOADING]: Found coremod add_bouncer_method with Javascript path coremods/add_bouncer_method.js
[05Oct2025 14:19:07.923] [main/DEBUG] [net.minecraftforge.fml.loading.moddiscovery.ModFileParser/LOADING]: Found coremod method_redirector with Javascript path coremods/method_redirector.js
[05Oct2025 14:19:07.924] [main/DEBUG] [net.minecraftforge.fml.loading.moddiscovery.ModFile/LOADING]: Found coremod coremods/field_to_method.js
[05Oct2025 14:19:07.924] [main/DEBUG] [net.minecraftforge.fml.loading.moddiscovery.ModFile/LOADING]: Found coremod coremods/field_to_instanceof.js
[05Oct2025 14:19:07.924] [main/DEBUG] [net.minecraftforge.fml.loading.moddiscovery.ModFile/LOADING]: Found coremod coremods/add_bouncer_method.js
[05Oct2025 14:19:07.924] [main/DEBUG] [net.minecraftforge.fml.loading.moddiscovery.ModFile/LOADING]: Found coremod coremods/method_redirector.js
[05Oct2025 14:19:07.924] [main/DEBUG] [net.minecraftforge.fml.loading.moddiscovery.ModFileParser/LOADING]: Considering mod file candidate /workspaces/Servidor/servidor_minecraft/mods/geckolib-forge-1.20.1-4.8.2.jar
[05Oct2025 14:19:07.925] [main/DEBUG] [net.minecraftforge.fml.loading.moddiscovery.ModFileInfo/LOADING]: Found valid mod file geckolib-forge-1.20.1-4.8.2.jar with {geckolib} mods - versions {4.8.2}
[05Oct2025 14:19:07.925] [main/DEBUG] [net.minecraftforge.fml.loading.moddiscovery.ModFile/LOADING]: Loading mod file /workspaces/Servidor/servidor_minecraft/mods/geckolib-forge-1.20.1-4.8.2.jar with languages [LanguageSpec[languageName=javafml, acceptedVersions=[47,)]]
[05Oct2025 14:19:07.926] [main/DEBUG] [net.minecraftforge.fml.loading.moddiscovery.ModFile/LOADING]: Loading mod file  with languages []
[05Oct2025 14:19:07.926] [main/DEBUG] [net.minecraftforge.fml.loading.moddiscovery.ModFile/LOADING]: Loading mod file  with languages []
[05Oct2025 14:19:07.927] [main/DEBUG] [cpw.mods.modlauncher.TransformationServiceDecorator/MODLAUNCHER]: End scan trigger - transformation service fml
[05Oct2025 14:19:07.936] [main/DEBUG] [net.minecraftforge.fml.loading.LanguageLoadingProvider/CORE]: Found 3 language providers
[05Oct2025 14:19:07.937] [main/DEBUG] [net.minecraftforge.fml.loading.LanguageLoadingProvider/CORE]: Found language provider minecraft, version 1.0
[05Oct2025 14:19:07.937] [main/DEBUG] [net.minecraftforge.fml.loading.LanguageLoadingProvider/CORE]: Found language provider lowcodefml, version 47
[05Oct2025 14:19:07.937] [main/DEBUG] [net.minecraftforge.fml.loading.LanguageLoadingProvider/CORE]: Found language provider javafml, version 47
[05Oct2025 14:19:07.940] [main/DEBUG] [net.minecraftforge.fml.loading.UniqueModListBuilder/]: Found 2 mods for first modid mclib, selecting most recent based on version data
[05Oct2025 14:19:07.941] [main/DEBUG] [net.minecraftforge.fml.loading.UniqueModListBuilder/]: Selected file mclib-20.jar for modid mclib with version 0.0NONE
[05Oct2025 14:19:07.942] [main/DEBUG] [net.minecraftforge.fml.loading.ModSorter/]: Configured system mods: [minecraft, forge]
[05Oct2025 14:19:07.943] [main/DEBUG] [net.minecraftforge.fml.loading.ModSorter/]: Found system mod: minecraft
[05Oct2025 14:19:07.943] [main/DEBUG] [net.minecraftforge.fml.loading.ModSorter/]: Found system mod: forge
[05Oct2025 14:19:07.944] [main/DEBUG] [net.minecraftforge.fml.loading.ModSorter/LOADING]: Found 5 mod requirements (5 mandatory, 0 optional)
[05Oct2025 14:19:07.945] [main/DEBUG] [net.minecraftforge.fml.loading.ModSorter/LOADING]: Found 0 mod requirements missing (0 mandatory, 0 optional)
[05Oct2025 14:19:08.427] [main/DEBUG] [cpw.mods.modlauncher.TransformationServicesHandler/MODLAUNCHER]: Transformation services loading transformers
[05Oct2025 14:19:08.427] [main/DEBUG] [cpw.mods.modlauncher.TransformationServiceDecorator/MODLAUNCHER]: Initializing transformers for transformation service mixin
[05Oct2025 14:19:08.428] [main/DEBUG] [cpw.mods.modlauncher.TransformationServiceDecorator/MODLAUNCHER]: Initialized transformers for transformation service mixin
[05Oct2025 14:19:08.428] [main/DEBUG] [cpw.mods.modlauncher.TransformationServiceDecorator/MODLAUNCHER]: Initializing transformers for transformation service fml
[05Oct2025 14:19:08.428] [main/DEBUG] [net.minecraftforge.fml.loading.FMLServiceProvider/CORE]: Loading coremod transformers
[05Oct2025 14:19:08.429] [main/DEBUG] [net.minecraftforge.coremod.CoreModEngine/COREMOD]: Loading CoreMod from coremods/field_to_method.js
[05Oct2025 14:19:08.694] [main/DEBUG] [net.minecraftforge.coremod.CoreModEngine/COREMOD]: CoreMod loaded successfully
[05Oct2025 14:19:08.694] [main/DEBUG] [net.minecraftforge.coremod.CoreModEngine/COREMOD]: Loading CoreMod from coremods/field_to_instanceof.js
[05Oct2025 14:19:08.761] [main/DEBUG] [net.minecraftforge.coremod.CoreModEngine/COREMOD]: CoreMod loaded successfully
[05Oct2025 14:19:08.761] [main/DEBUG] [net.minecraftforge.coremod.CoreModEngine/COREMOD]: Loading CoreMod from coremods/add_bouncer_method.js
[05Oct2025 14:19:08.795] [main/DEBUG] [net.minecraftforge.coremod.CoreModEngine/COREMOD]: CoreMod loaded successfully
[05Oct2025 14:19:08.795] [main/DEBUG] [net.minecraftforge.coremod.CoreModEngine/COREMOD]: Loading CoreMod from coremods/method_redirector.js
[05Oct2025 14:19:08.856] [main/DEBUG] [net.minecraftforge.coremod.CoreModEngine/COREMOD]: CoreMod loaded successfully
[05Oct2025 14:19:08.864] [main/DEBUG] [cpw.mods.modlauncher.TransformStore/MODLAUNCHER]: Adding transformer net.minecraftforge.coremod.transformer.CoreModClassTransformer@4c5228e7 to Target : CLASS {Lnet/minecraft/world/level/biome/Biome;} {} {V}
[05Oct2025 14:19:08.865] [main/DEBUG] [cpw.mods.modlauncher.TransformStore/MODLAUNCHER]: Adding transformer net.minecraftforge.coremod.transformer.CoreModClassTransformer@21ba2445 to Target : CLASS {Lnet/minecraft/world/level/levelgen/structure/Structure;} {} {V}
[05Oct2025 14:19:08.865] [main/DEBUG] [cpw.mods.modlauncher.TransformStore/MODLAUNCHER]: Adding transformer net.minecraftforge.coremod.transformer.CoreModClassTransformer@69d23296 to Target : CLASS {Lnet/minecraft/world/effect/MobEffectInstance;} {} {V}
[05Oct2025 14:19:08.866] [main/DEBUG] [cpw.mods.modlauncher.TransformStore/MODLAUNCHER]: Adding transformer net.minecraftforge.coremod.transformer.CoreModClassTransformer@3c3820bb to Target : CLASS {Lnet/minecraft/world/level/block/LiquidBlock;} {} {V}
[05Oct2025 14:19:08.866] [main/DEBUG] [cpw.mods.modlauncher.TransformStore/MODLAUNCHER]: Adding transformer net.minecraftforge.coremod.transformer.CoreModClassTransformer@376c7d7d to Target : CLASS {Lnet/minecraft/world/item/BucketItem;} {} {V}
[05Oct2025 14:19:08.866] [main/DEBUG] [cpw.mods.modlauncher.TransformStore/MODLAUNCHER]: Adding transformer net.minecraftforge.coremod.transformer.CoreModClassTransformer@4784efd9 to Target : CLASS {Lnet/minecraft/world/level/block/StairBlock;} {} {V}
[05Oct2025 14:19:08.866] [main/DEBUG] [cpw.mods.modlauncher.TransformStore/MODLAUNCHER]: Adding transformer net.minecraftforge.coremod.transformer.CoreModClassTransformer@3fba233d to Target : CLASS {Lnet/minecraft/world/level/block/FlowerPotBlock;} {} {V}
[05Oct2025 14:19:08.866] [main/DEBUG] [cpw.mods.modlauncher.TransformStore/MODLAUNCHER]: Adding transformer net.minecraftforge.coremod.transformer.CoreModClassTransformer@427ae189 to Target : CLASS {Lnet/minecraft/world/item/ItemStack;} {} {V}
[05Oct2025 14:19:08.867] [main/DEBUG] [cpw.mods.modlauncher.TransformStore/MODLAUNCHER]: Adding transformer net.minecraftforge.coremod.transformer.CoreModClassTransformer@16a9eb2e to Target : CLASS {Lnet/minecraft/network/play/client/CClientSettingsPacket;} {} {V}
[05Oct2025 14:19:08.867] [main/DEBUG] [cpw.mods.modlauncher.TransformStore/MODLAUNCHER]: Adding transformer net.minecraftforge.coremod.transformer.CoreModClassTransformer@76332405 to Target : CLASS {Lnet/minecraft/world/entity/monster/Strider;} {} {V}
[05Oct2025 14:19:08.867] [main/DEBUG] [cpw.mods.modlauncher.TransformStore/MODLAUNCHER]: Adding transformer net.minecraftforge.coremod.transformer.CoreModClassTransformer@76332405 to Target : CLASS {Lnet/minecraft/world/entity/EntityType;} {} {V}
[05Oct2025 14:19:08.867] [main/DEBUG] [cpw.mods.modlauncher.TransformStore/MODLAUNCHER]: Adding transformer net.minecraftforge.coremod.transformer.CoreModClassTransformer@76332405 to Target : CLASS {Lnet/minecraft/world/level/levelgen/structure/structures/WoodlandMansionPieces$WoodlandMansionPiece;} {} {V}
[05Oct2025 14:19:08.867] [main/DEBUG] [cpw.mods.modlauncher.TransformStore/MODLAUNCHER]: Adding transformer net.minecraftforge.coremod.transformer.CoreModClassTransformer@76332405 to Target : CLASS {Lnet/minecraft/world/entity/raid/Raid;} {} {V}
[05Oct2025 14:19:08.867] [main/DEBUG] [cpw.mods.modlauncher.TransformStore/MODLAUNCHER]: Adding transformer net.minecraftforge.coremod.transformer.CoreModClassTransformer@76332405 to Target : CLASS {Lnet/minecraft/world/entity/monster/Zombie;} {} {V}
[05Oct2025 14:19:08.867] [main/DEBUG] [cpw.mods.modlauncher.TransformStore/MODLAUNCHER]: Adding transformer net.minecraftforge.coremod.transformer.CoreModClassTransformer@76332405 to Target : CLASS {Lnet/minecraft/world/level/levelgen/structure/structures/SwampHutPiece;} {} {V}
[05Oct2025 14:19:08.868] [main/DEBUG] [cpw.mods.modlauncher.TransformStore/MODLAUNCHER]: Adding transformer net.minecraftforge.coremod.transformer.CoreModClassTransformer@76332405 to Target : CLASS {Lnet/minecraft/world/entity/monster/Evoker$EvokerSummonSpellGoal;} {} {V}
[05Oct2025 14:19:08.868] [main/DEBUG] [cpw.mods.modlauncher.TransformStore/MODLAUNCHER]: Adding transformer net.minecraftforge.coremod.transformer.CoreModClassTransformer@76332405 to Target : CLASS {Lnet/minecraft/world/entity/animal/horse/SkeletonTrapGoal;} {} {V}
[05Oct2025 14:19:08.868] [main/DEBUG] [cpw.mods.modlauncher.TransformStore/MODLAUNCHER]: Adding transformer net.minecraftforge.coremod.transformer.CoreModClassTransformer@76332405 to Target : CLASS {Lnet/minecraft/world/level/levelgen/structure/structures/OceanRuinPieces$OceanRuinPiece;} {} {V}
[05Oct2025 14:19:08.868] [main/DEBUG] [cpw.mods.modlauncher.TransformStore/MODLAUNCHER]: Adding transformer net.minecraftforge.coremod.transformer.CoreModClassTransformer@76332405 to Target : CLASS {Lnet/minecraft/world/level/levelgen/PatrolSpawner;} {} {V}
[05Oct2025 14:19:08.868] [main/DEBUG] [cpw.mods.modlauncher.TransformStore/MODLAUNCHER]: Adding transformer net.minecraftforge.coremod.transformer.CoreModClassTransformer@76332405 to Target : CLASS {Lnet/minecraft/world/entity/animal/frog/Tadpole;} {} {V}
[05Oct2025 14:19:08.868] [main/DEBUG] [cpw.mods.modlauncher.TransformStore/MODLAUNCHER]: Adding transformer net.minecraftforge.coremod.transformer.CoreModClassTransformer@76332405 to Target : CLASS {Lnet/minecraft/server/commands/RaidCommand;} {} {V}
[05Oct2025 14:19:08.868] [main/DEBUG] [cpw.mods.modlauncher.TransformStore/MODLAUNCHER]: Adding transformer net.minecraftforge.coremod.transformer.CoreModClassTransformer@76332405 to Target : CLASS {Lnet/minecraft/world/entity/monster/ZombieVillager;} {} {V}
[05Oct2025 14:19:08.869] [main/DEBUG] [cpw.mods.modlauncher.TransformStore/MODLAUNCHER]: Adding transformer net.minecraftforge.coremod.transformer.CoreModClassTransformer@76332405 to Target : CLASS {Lnet/minecraft/world/entity/npc/CatSpawner;} {} {V}
[05Oct2025 14:19:08.869] [main/DEBUG] [cpw.mods.modlauncher.TransformStore/MODLAUNCHER]: Adding transformer net.minecraftforge.coremod.transformer.CoreModClassTransformer@76332405 to Target : CLASS {Lnet/minecraft/world/level/levelgen/PhantomSpawner;} {} {V}
[05Oct2025 14:19:08.869] [main/DEBUG] [cpw.mods.modlauncher.TransformStore/MODLAUNCHER]: Adding transformer net.minecraftforge.coremod.transformer.CoreModClassTransformer@76332405 to Target : CLASS {Lnet/minecraft/world/entity/monster/Spider;} {} {V}
[05Oct2025 14:19:08.869] [main/DEBUG] [cpw.mods.modlauncher.TransformStore/MODLAUNCHER]: Adding transformer net.minecraftforge.coremod.transformer.CoreModClassTransformer@76332405 to Target : CLASS {Lnet/minecraft/world/level/levelgen/structure/structures/OceanMonumentPieces$OceanMonumentPiece;} {} {V}
[05Oct2025 14:19:08.869] [main/DEBUG] [cpw.mods.modlauncher.TransformStore/MODLAUNCHER]: Adding transformer net.minecraftforge.coremod.transformer.CoreModClassTransformer@76332405 to Target : CLASS {Lnet/minecraft/world/entity/ai/village/VillageSiege;} {} {V}
[05Oct2025 14:19:08.869] [main/DEBUG] [cpw.mods.modlauncher.TransformStore/MODLAUNCHER]: Adding transformer net.minecraftforge.coremod.transformer.CoreModClassTransformer@76332405 to Target : CLASS {Lnet/minecraft/server/commands/SummonCommand;} {} {V}
[05Oct2025 14:19:08.869] [main/DEBUG] [cpw.mods.modlauncher.TransformStore/MODLAUNCHER]: Adding transformer net.minecraftforge.coremod.transformer.CoreModClassTransformer@76332405 to Target : CLASS {Lnet/minecraft/world/entity/npc/Villager;} {} {V}
[05Oct2025 14:19:08.870] [main/DEBUG] [cpw.mods.modlauncher.TransformStore/MODLAUNCHER]: Adding transformer net.minecraftforge.coremod.transformer.CoreModClassTransformer@76332405 to Target : CLASS {Lnet/minecraft/world/level/NaturalSpawner;} {} {V}
[05Oct2025 14:19:08.870] [main/DEBUG] [cpw.mods.modlauncher.TransformStore/MODLAUNCHER]: Adding transformer net.minecraftforge.coremod.transformer.CoreModClassTransformer@76332405 to Target : CLASS {Lnet/minecraft/world/level/levelgen/structure/templatesystem/StructureTemplate;} {} {V}
[05Oct2025 14:19:08.870] [main/DEBUG] [cpw.mods.modlauncher.TransformationServiceDecorator/MODLAUNCHER]: Initialized transformers for transformation service fml
[05Oct2025 14:19:09.378] [main/DEBUG] [mixin/]: Processing prepare() for PlatformAgent[MixinPlatformAgentDefault:ModLauncher Root Container(ModLauncher:4f56a0a2)]
[05Oct2025 14:19:09.378] [main/DEBUG] [mixin/]: Processing launch tasks for PlatformAgent[MixinPlatformAgentDefault:ModLauncher Root Container(ModLauncher:4f56a0a2)]
[05Oct2025 14:19:09.378] [main/DEBUG] [mixin/]: Adding mixin platform agents for container SecureJarResource(minecraft)
[05Oct2025 14:19:09.378] [main/DEBUG] [mixin/]: Instancing new MixinPlatformAgentMinecraftForge for SecureJarResource(minecraft)
[05Oct2025 14:19:09.379] [main/DEBUG] [mixin/]: MixinPlatformAgentMinecraftForge rejected container SecureJarResource(minecraft)
[05Oct2025 14:19:09.379] [main/DEBUG] [mixin/]: Instancing new MixinPlatformAgentDefault for SecureJarResource(minecraft)
[05Oct2025 14:19:09.379] [main/DEBUG] [mixin/]: MixinPlatformAgentDefault accepted container SecureJarResource(minecraft)
[05Oct2025 14:19:09.379] [main/DEBUG] [mixin/]: Processing prepare() for PlatformAgent[MixinPlatformAgentDefault:SecureJarResource(minecraft)]
[05Oct2025 14:19:09.379] [main/DEBUG] [mixin/]: Adding mixin platform agents for container SecureJarResource(orbital_railgun)
[05Oct2025 14:19:09.379] [main/DEBUG] [mixin/]: Instancing new MixinPlatformAgentMinecraftForge for SecureJarResource(orbital_railgun)
[05Oct2025 14:19:09.379] [main/DEBUG] [mixin/]: MixinPlatformAgentMinecraftForge rejected container SecureJarResource(orbital_railgun)
[05Oct2025 14:19:09.379] [main/DEBUG] [mixin/]: Instancing new MixinPlatformAgentDefault for SecureJarResource(orbital_railgun)
[05Oct2025 14:19:09.379] [main/DEBUG] [mixin/]: MixinPlatformAgentDefault accepted container SecureJarResource(orbital_railgun)
[05Oct2025 14:19:09.380] [main/DEBUG] [mixin/]: Processing prepare() for PlatformAgent[MixinPlatformAgentDefault:SecureJarResource(orbital_railgun)]
[05Oct2025 14:19:09.380] [main/DEBUG] [mixin/]: Adding mixin platform agents for container SecureJarResource(forge)
[05Oct2025 14:19:09.380] [main/DEBUG] [mixin/]: Instancing new MixinPlatformAgentMinecraftForge for SecureJarResource(forge)
[05Oct2025 14:19:09.380] [main/DEBUG] [mixin/]: MixinPlatformAgentMinecraftForge rejected container SecureJarResource(forge)
[05Oct2025 14:19:09.380] [main/DEBUG] [mixin/]: Instancing new MixinPlatformAgentDefault for SecureJarResource(forge)
[05Oct2025 14:19:09.380] [main/DEBUG] [mixin/]: MixinPlatformAgentDefault accepted container SecureJarResource(forge)
[05Oct2025 14:19:09.380] [main/DEBUG] [mixin/]: Processing prepare() for PlatformAgent[MixinPlatformAgentDefault:SecureJarResource(forge)]
[05Oct2025 14:19:09.380] [main/DEBUG] [mixin/]: Adding mixin platform agents for container SecureJarResource(geckolib)
[05Oct2025 14:19:09.380] [main/DEBUG] [mixin/]: Instancing new MixinPlatformAgentMinecraftForge for SecureJarResource(geckolib)
[05Oct2025 14:19:09.381] [main/DEBUG] [mixin/]: MixinPlatformAgentMinecraftForge rejected container SecureJarResource(geckolib)
[05Oct2025 14:19:09.381] [main/DEBUG] [mixin/]: Instancing new MixinPlatformAgentDefault for SecureJarResource(geckolib)
[05Oct2025 14:19:09.381] [main/DEBUG] [mixin/]: MixinPlatformAgentDefault accepted container SecureJarResource(geckolib)
[05Oct2025 14:19:09.381] [main/DEBUG] [mixin/]: Processing prepare() for PlatformAgent[MixinPlatformAgentDefault:SecureJarResource(geckolib)]
[05Oct2025 14:19:09.381] [main/DEBUG] [mixin/]: Registering mixin config: geckolib.mixins.json
[05Oct2025 14:19:09.396] [main/DEBUG] [mixin/]: Compatibility level JAVA_17 specified by geckolib.mixins.json is higher than the maximum level supported by this version of mixin (JAVA_13).
[05Oct2025 14:19:09.400] [main/INFO] [mixin/]: Compatibility level set to JAVA_17
[05Oct2025 14:19:09.401] [main/DEBUG] [mixin/]: Adding mixin platform agents for container SecureJarResource(mclib)
[05Oct2025 14:19:09.401] [main/DEBUG] [mixin/]: Instancing new MixinPlatformAgentMinecraftForge for SecureJarResource(mclib)
[05Oct2025 14:19:09.401] [main/DEBUG] [mixin/]: MixinPlatformAgentMinecraftForge rejected container SecureJarResource(mclib)
[05Oct2025 14:19:09.401] [main/DEBUG] [mixin/]: Instancing new MixinPlatformAgentDefault for SecureJarResource(mclib)
[05Oct2025 14:19:09.401] [main/DEBUG] [mixin/]: MixinPlatformAgentDefault accepted container SecureJarResource(mclib)
[05Oct2025 14:19:09.401] [main/DEBUG] [mixin/]: Processing prepare() for PlatformAgent[MixinPlatformAgentDefault:SecureJarResource(mclib)]
[05Oct2025 14:19:09.401] [main/DEBUG] [mixin/]: inject() running with 6 agents
[05Oct2025 14:19:09.401] [main/DEBUG] [mixin/]: Processing inject() for PlatformAgent[MixinPlatformAgentDefault:ModLauncher Root Container(ModLauncher:4f56a0a2)]
[05Oct2025 14:19:09.402] [main/DEBUG] [mixin/]: Processing inject() for PlatformAgent[MixinPlatformAgentDefault:SecureJarResource(minecraft)]
[05Oct2025 14:19:09.402] [main/DEBUG] [mixin/]: Processing inject() for PlatformAgent[MixinPlatformAgentDefault:SecureJarResource(orbital_railgun)]
[05Oct2025 14:19:09.402] [main/DEBUG] [mixin/]: Processing inject() for PlatformAgent[MixinPlatformAgentDefault:SecureJarResource(forge)]
[05Oct2025 14:19:09.402] [main/DEBUG] [mixin/]: Processing inject() for PlatformAgent[MixinPlatformAgentDefault:SecureJarResource(geckolib)]
[05Oct2025 14:19:09.403] [main/DEBUG] [mixin/]: Processing inject() for PlatformAgent[MixinPlatformAgentDefault:SecureJarResource(mclib)]
[05Oct2025 14:19:09.403] [main/INFO] [cpw.mods.modlauncher.LaunchServiceHandler/MODLAUNCHER]: Launching target 'forgeserver' with arguments [nogui]
[05Oct2025 14:19:09.433] [main/DEBUG] [mixin/]: Error cleaning class output directory: .mixin.out
[05Oct2025 14:19:09.435] [main/DEBUG] [mixin/]: Preparing mixins for MixinEnvironment[DEFAULT]
[05Oct2025 14:19:09.435] [main/DEBUG] [mixin/]: Selecting config geckolib.mixins.json
[05Oct2025 14:19:09.438] [main/DEBUG] [mixin/]: Preparing geckolib.mixins.json (1)
[05Oct2025 14:19:09.520] [main/DEBUG] [io.netty.util.internal.logging.InternalLoggerFactory/]: Using SLF4J as the default logging framework
[05Oct2025 14:19:09.522] [main/DEBUG] [io.netty.util.ResourceLeakDetector/]: -Dio.netty.leakDetection.level: simple
[05Oct2025 14:19:09.522] [main/DEBUG] [io.netty.util.ResourceLeakDetector/]: -Dio.netty.leakDetection.targetRecords: 4
[05Oct2025 14:19:09.884] [main/DEBUG] [oshi.util.FileUtil/]: No oshi.properties file found from ClassLoader cpw.mods.modlauncher.TransformingClassLoader@6e43ddd6
[05Oct2025 14:19:09.885] [main/DEBUG] [oshi.util.FileUtil/]: No oshi.properties file found from ClassLoader jdk.internal.loader.ClassLoaders$AppClassLoader@76ed5528
[05Oct2025 14:19:09.939] [main/DEBUG] [oshi.util.FileUtil/]: Reading file /proc/self/auxv
[05Oct2025 14:19:09.940] [main/DEBUG] [oshi.util.FileUtil/]: Reading file /proc/self/auxv
[05Oct2025 14:19:09.944] [main/DEBUG] [oshi.util.FileUtil/]: Reading file /proc/stat
[05Oct2025 14:19:09.952] [main/DEBUG] [oshi.util.FileUtil/]: Reading file /sys/devices/system/cpu/cpu0/topology/core_id
[05Oct2025 14:19:09.952] [main/DEBUG] [oshi.util.FileUtil/]: Reading file /sys/devices/system/cpu/cpu0/topology/core_id
[05Oct2025 14:19:09.953] [main/DEBUG] [oshi.util.FileUtil/]: Reading file /sys/devices/system/cpu/cpu0/topology/physical_package_id
[05Oct2025 14:19:09.953] [main/DEBUG] [oshi.util.FileUtil/]: Reading file /sys/devices/system/cpu/cpu0/topology/physical_package_id
[05Oct2025 14:19:09.953] [main/DEBUG] [oshi.util.FileUtil/]: Reading file /sys/devices/system/cpu/cpu0/cpu_capacity
[05Oct2025 14:19:09.955] [main/DEBUG] [oshi.util.FileUtil/]: Reading file /sys/devices/system/cpu/cpu1/topology/core_id
[05Oct2025 14:19:09.955] [main/DEBUG] [oshi.util.FileUtil/]: Reading file /sys/devices/system/cpu/cpu1/topology/core_id
[05Oct2025 14:19:09.955] [main/DEBUG] [oshi.util.FileUtil/]: Reading file /sys/devices/system/cpu/cpu1/topology/physical_package_id
[05Oct2025 14:19:09.955] [main/DEBUG] [oshi.util.FileUtil/]: Reading file /sys/devices/system/cpu/cpu1/topology/physical_package_id
[05Oct2025 14:19:09.956] [main/DEBUG] [oshi.util.FileUtil/]: Reading file /sys/devices/system/cpu/cpu1/cpu_capacity
[05Oct2025 14:19:09.956] [main/DEBUG] [oshi.util.FileUtil/]: Reading file /sys/devices/system/cpu/cpu2/topology/core_id
[05Oct2025 14:19:09.956] [main/DEBUG] [oshi.util.FileUtil/]: Reading file /sys/devices/system/cpu/cpu2/topology/core_id
[05Oct2025 14:19:09.957] [main/DEBUG] [oshi.util.FileUtil/]: Reading file /sys/devices/system/cpu/cpu2/topology/physical_package_id
[05Oct2025 14:19:09.957] [main/DEBUG] [oshi.util.FileUtil/]: Reading file /sys/devices/system/cpu/cpu2/topology/physical_package_id
[05Oct2025 14:19:09.957] [main/DEBUG] [oshi.util.FileUtil/]: Reading file /sys/devices/system/cpu/cpu2/cpu_capacity
[05Oct2025 14:19:09.958] [main/DEBUG] [oshi.util.FileUtil/]: Reading file /sys/devices/system/cpu/cpu3/topology/core_id
[05Oct2025 14:19:09.958] [main/DEBUG] [oshi.util.FileUtil/]: Reading file /sys/devices/system/cpu/cpu3/topology/core_id
[05Oct2025 14:19:09.958] [main/DEBUG] [oshi.util.FileUtil/]: Reading file /sys/devices/system/cpu/cpu3/topology/physical_package_id
[05Oct2025 14:19:09.958] [main/DEBUG] [oshi.util.FileUtil/]: Reading file /sys/devices/system/cpu/cpu3/topology/physical_package_id
[05Oct2025 14:19:09.958] [main/DEBUG] [oshi.util.FileUtil/]: Reading file /sys/devices/system/cpu/cpu3/cpu_capacity
[05Oct2025 14:19:09.960] [main/DEBUG] [oshi.util.FileUtil/]: Reading file /proc/cpuinfo
[05Oct2025 14:19:09.968] [main/DEBUG] [oshi.util.FileUtil/]: Reading file /proc/self/auxv
[05Oct2025 14:19:09.971] [main/DEBUG] [oshi.util.FileUtil/]: No oshi.architecture.properties file found from ClassLoader cpw.mods.modlauncher.TransformingClassLoader@6e43ddd6
[05Oct2025 14:19:09.971] [main/DEBUG] [oshi.util.FileUtil/]: No oshi.architecture.properties file found from ClassLoader jdk.internal.loader.ClassLoaders$AppClassLoader@76ed5528
[05Oct2025 14:19:09.988] [main/DEBUG] [oshi.util.FileUtil/]: Reading file /proc/meminfo
[05Oct2025 14:19:09.989] [main/DEBUG] [oshi.util.FileUtil/]: Reading file /proc/meminfo
[05Oct2025 14:19:10.363] [main/DEBUG] [net.minecraftforge.coremod.transformer.CoreModBaseTransformer/COREMOD]: Transforming net/minecraft/world/entity/EntityType
[05Oct2025 14:19:10.935] [main/DEBUG] [net.minecraftforge.coremod.transformer.CoreModBaseTransformer/COREMOD]: Transforming net/minecraft/world/level/block/LiquidBlock
[05Oct2025 14:19:10.970] [main/DEBUG] [net.minecraftforge.coremod.transformer.CoreModBaseTransformer/COREMOD]: Transforming net/minecraft/world/level/block/StairBlock
[05Oct2025 14:19:11.047] [main/DEBUG] [net.minecraftforge.coremod.transformer.CoreModBaseTransformer/COREMOD]: Transforming net/minecraft/world/level/block/FlowerPotBlock
[05Oct2025 14:19:11.791] [main/DEBUG] [net.minecraftforge.coremod.transformer.CoreModBaseTransformer/COREMOD]: Transforming net/minecraft/world/item/ItemStack
[05Oct2025 14:19:12.457] [main/DEBUG] [net.minecraftforge.coremod.transformer.CoreModBaseTransformer/COREMOD]: Transforming net/minecraft/world/entity/animal/frog/Tadpole
[05Oct2025 14:19:12.494] [main/DEBUG] [net.minecraftforge.coremod.transformer.CoreModBaseTransformer/COREMOD]: Transforming net/minecraft/world/item/BucketItem
[05Oct2025 14:19:13.274] [main/DEBUG] [net.minecraftforge.coremod.transformer.CoreModBaseTransformer/COREMOD]: Transforming net/minecraft/world/entity/monster/Spider
[05Oct2025 14:19:13.326] [main/DEBUG] [net.minecraftforge.coremod.transformer.CoreModBaseTransformer/COREMOD]: Transforming net/minecraft/world/entity/monster/Zombie
[05Oct2025 14:19:13.403] [main/DEBUG] [net.minecraftforge.coremod.transformer.CoreModBaseTransformer/COREMOD]: Transforming net/minecraft/world/entity/monster/ZombieVillager
[05Oct2025 14:19:13.471] [main/DEBUG] [net.minecraftforge.coremod.transformer.CoreModBaseTransformer/COREMOD]: Transforming net/minecraft/world/entity/monster/Evoker$EvokerSummonSpellGoal
[05Oct2025 14:19:13.572] [main/DEBUG] [net.minecraftforge.coremod.transformer.CoreModBaseTransformer/COREMOD]: Transforming net/minecraft/world/entity/animal/horse/SkeletonTrapGoal
[05Oct2025 14:19:13.588] [main/DEBUG] [net.minecraftforge.coremod.transformer.CoreModBaseTransformer/COREMOD]: Transforming net/minecraft/world/entity/monster/Strider
[05Oct2025 14:19:13.677] [main/DEBUG] [net.minecraftforge.coremod.transformer.CoreModBaseTransformer/COREMOD]: Transforming net/minecraft/world/entity/npc/Villager
[05Oct2025 14:19:13.773] [main/DEBUG] [net.minecraftforge.coremod.transformer.CoreModBaseTransformer/COREMOD]: Transforming net/minecraft/world/effect/MobEffectInstance
[05Oct2025 14:19:14.232] [main/DEBUG] [net.minecraftforge.coremod.transformer.CoreModBaseTransformer/COREMOD]: Transforming net/minecraft/world/level/levelgen/structure/Structure
[05Oct2025 14:19:14.265] [main/DEBUG] [net.minecraftforge.coremod.transformer.CoreModBaseTransformer/COREMOD]: Transforming net/minecraft/world/level/levelgen/structure/structures/OceanRuinPieces$OceanRuinPiece
[05Oct2025 14:19:14.282] [main/DEBUG] [net.minecraftforge.coremod.transformer.CoreModBaseTransformer/COREMOD]: Transforming net/minecraft/world/level/levelgen/structure/structures/SwampHutPiece
[05Oct2025 14:19:14.300] [main/DEBUG] [net.minecraftforge.coremod.transformer.CoreModBaseTransformer/COREMOD]: Transforming net/minecraft/world/level/levelgen/structure/structures/OceanMonumentPieces$OceanMonumentPiece
[05Oct2025 14:19:14.320] [main/DEBUG] [net.minecraftforge.coremod.transformer.CoreModBaseTransformer/COREMOD]: Transforming net/minecraft/world/level/levelgen/structure/structures/WoodlandMansionPieces$WoodlandMansionPiece
[05Oct2025 14:19:14.549] [main/DEBUG] [net.minecraftforge.coremod.transformer.CoreModBaseTransformer/COREMOD]: Transforming net/minecraft/world/level/biome/Biome
[05Oct2025 14:19:14.831] [main/DEBUG] [io.netty.util.internal.PlatformDependent0/]: -Dio.netty.noUnsafe: false
[05Oct2025 14:19:14.832] [main/DEBUG] [io.netty.util.internal.PlatformDependent0/]: Java version: 17
[05Oct2025 14:19:14.832] [main/DEBUG] [io.netty.util.internal.PlatformDependent0/]: sun.misc.Unsafe.theUnsafe: available
[05Oct2025 14:19:14.833] [main/DEBUG] [io.netty.util.internal.PlatformDependent0/]: sun.misc.Unsafe.copyMemory: available
[05Oct2025 14:19:14.833] [main/DEBUG] [io.netty.util.internal.PlatformDependent0/]: sun.misc.Unsafe.storeFence: available
[05Oct2025 14:19:14.833] [main/DEBUG] [io.netty.util.internal.PlatformDependent0/]: java.nio.Buffer.address: available
[05Oct2025 14:19:14.834] [main/DEBUG] [io.netty.util.internal.PlatformDependent0/]: direct buffer constructor: unavailable
java.lang.UnsupportedOperationException: Reflective setAccessible(true) disabled
	at io.netty.util.internal.ReflectionUtil.trySetAccessible(ReflectionUtil.java:31) ~[netty-common-4.1.82.Final.jar%2382!/:4.1.82.Final]
	at io.netty.util.internal.PlatformDependent0$5.run(PlatformDependent0.java:288) ~[netty-common-4.1.82.Final.jar%2382!/:4.1.82.Final]
	at java.security.AccessController.doPrivileged(AccessController.java:318) ~[?:?]
	at io.netty.util.internal.PlatformDependent0.<clinit>(PlatformDependent0.java:282) ~[netty-common-4.1.82.Final.jar%2382!/:4.1.82.Final]
	at io.netty.util.internal.PlatformDependent.isAndroid(PlatformDependent.java:333) ~[netty-common-4.1.82.Final.jar%2382!/:4.1.82.Final]
	at io.netty.util.internal.PlatformDependent.<clinit>(PlatformDependent.java:88) ~[netty-common-4.1.82.Final.jar%2382!/:4.1.82.Final]
	at io.netty.util.ConstantPool.<init>(ConstantPool.java:34) ~[netty-common-4.1.82.Final.jar%2382!/:4.1.82.Final]
	at io.netty.util.AttributeKey$1.<init>(AttributeKey.java:27) ~[netty-common-4.1.82.Final.jar%2382!/:4.1.82.Final]
	at io.netty.util.AttributeKey.<clinit>(AttributeKey.java:27) ~[netty-common-4.1.82.Final.jar%2382!/:4.1.82.Final]
	at net.minecraftforge.network.NetworkConstants.<clinit>(NetworkConstants.java:34) ~[forge-1.20.1-47.4.0-universal.jar%23110!/:?]
	at net.minecraftforge.network.NetworkHooks.init(NetworkHooks.java:52) ~[forge-1.20.1-47.4.0-universal.jar%23110!/:?]
	at net.minecraft.server.Bootstrap.m_135870_(Bootstrap.java:62) ~[server-1.20.1-20230612.114412-srg.jar%23105!/:?]
	at net.minecraft.server.Main.main(Main.java:121) ~[server-1.20.1-20230612.114412-srg.jar%23105!/:?]
	at jdk.internal.reflect.NativeMethodAccessorImpl.invoke0(Native Method) ~[?:?]
	at jdk.internal.reflect.NativeMethodAccessorImpl.invoke(NativeMethodAccessorImpl.java:77) ~[?:?]
	at jdk.internal.reflect.DelegatingMethodAccessorImpl.invoke(DelegatingMethodAccessorImpl.java:43) ~[?:?]
	at java.lang.reflect.Method.invoke(Method.java:569) ~[?:?]
	at net.minecraftforge.fml.loading.targets.CommonLaunchHandler.runTarget(CommonLaunchHandler.java:111) ~[fmlloader-1.20.1-47.4.0.jar%2369!/:?]
	at net.minecraftforge.fml.loading.targets.CommonLaunchHandler.serverService(CommonLaunchHandler.java:103) ~[fmlloader-1.20.1-47.4.0.jar%2369!/:?]
	at net.minecraftforge.fml.loading.targets.CommonServerLaunchHandler.lambda$makeService$0(CommonServerLaunchHandler.java:27) ~[fmlloader-1.20.1-47.4.0.jar%2369!/:?]
	at cpw.mods.modlauncher.LaunchServiceHandlerDecorator.launch(LaunchServiceHandlerDecorator.java:30) ~[modlauncher-10.0.9.jar%2355!/:?]
	at cpw.mods.modlauncher.LaunchServiceHandler.launch(LaunchServiceHandler.java:53) ~[modlauncher-10.0.9.jar%2355!/:?]
	at cpw.mods.modlauncher.LaunchServiceHandler.launch(LaunchServiceHandler.java:71) ~[modlauncher-10.0.9.jar%2355!/:?]
	at cpw.mods.modlauncher.Launcher.run(Launcher.java:108) ~[modlauncher-10.0.9.jar%2355!/:?]
	at cpw.mods.modlauncher.Launcher.main(Launcher.java:78) ~[modlauncher-10.0.9.jar%2355!/:?]
	at cpw.mods.modlauncher.BootstrapLaunchConsumer.accept(BootstrapLaunchConsumer.java:26) ~[modlauncher-10.0.9.jar%2355!/:?]
	at cpw.mods.modlauncher.BootstrapLaunchConsumer.accept(BootstrapLaunchConsumer.java:23) ~[modlauncher-10.0.9.jar%2355!/:?]
	at cpw.mods.bootstraplauncher.BootstrapLauncher.main(BootstrapLauncher.java:141) ~[bootstraplauncher-1.1.2.jar:?]
[05Oct2025 14:19:14.835] [main/DEBUG] [io.netty.util.internal.PlatformDependent0/]: java.nio.Bits.unaligned: available, true
[05Oct2025 14:19:14.836] [main/DEBUG] [io.netty.util.internal.PlatformDependent0/]: jdk.internal.misc.Unsafe.allocateUninitializedArray(int): unavailable
java.lang.IllegalAccessException: class io.netty.util.internal.PlatformDependent0$7 (in module io.netty.common) cannot access class jdk.internal.misc.Unsafe (in module java.base) because module java.base does not export jdk.internal.misc to module io.netty.common
	at jdk.internal.reflect.Reflection.newIllegalAccessException(Reflection.java:392) ~[?:?]
	at java.lang.reflect.AccessibleObject.checkAccess(AccessibleObject.java:674) ~[?:?]
	at java.lang.reflect.Method.invoke(Method.java:561) ~[?:?]
	at io.netty.util.internal.PlatformDependent0$7.run(PlatformDependent0.java:410) ~[netty-common-4.1.82.Final.jar%2382!/:4.1.82.Final]
	at java.security.AccessController.doPrivileged(AccessController.java:318) ~[?:?]
	at io.netty.util.internal.PlatformDependent0.<clinit>(PlatformDependent0.java:401) ~[netty-common-4.1.82.Final.jar%2382!/:4.1.82.Final]
	at io.netty.util.internal.PlatformDependent.isAndroid(PlatformDependent.java:333) ~[netty-common-4.1.82.Final.jar%2382!/:4.1.82.Final]
	at io.netty.util.internal.PlatformDependent.<clinit>(PlatformDependent.java:88) ~[netty-common-4.1.82.Final.jar%2382!/:4.1.82.Final]
	at io.netty.util.ConstantPool.<init>(ConstantPool.java:34) ~[netty-common-4.1.82.Final.jar%2382!/:4.1.82.Final]
	at io.netty.util.AttributeKey$1.<init>(AttributeKey.java:27) ~[netty-common-4.1.82.Final.jar%2382!/:4.1.82.Final]
	at io.netty.util.AttributeKey.<clinit>(AttributeKey.java:27) ~[netty-common-4.1.82.Final.jar%2382!/:4.1.82.Final]
	at net.minecraftforge.network.NetworkConstants.<clinit>(NetworkConstants.java:34) ~[forge-1.20.1-47.4.0-universal.jar%23110!/:?]
	at net.minecraftforge.network.NetworkHooks.init(NetworkHooks.java:52) ~[forge-1.20.1-47.4.0-universal.jar%23110!/:?]
	at net.minecraft.server.Bootstrap.m_135870_(Bootstrap.java:62) ~[server-1.20.1-20230612.114412-srg.jar%23105!/:?]
	at net.minecraft.server.Main.main(Main.java:121) ~[server-1.20.1-20230612.114412-srg.jar%23105!/:?]
	at jdk.internal.reflect.NativeMethodAccessorImpl.invoke0(Native Method) ~[?:?]
	at jdk.internal.reflect.NativeMethodAccessorImpl.invoke(NativeMethodAccessorImpl.java:77) ~[?:?]
	at jdk.internal.reflect.DelegatingMethodAccessorImpl.invoke(DelegatingMethodAccessorImpl.java:43) ~[?:?]
	at java.lang.reflect.Method.invoke(Method.java:569) ~[?:?]
	at net.minecraftforge.fml.loading.targets.CommonLaunchHandler.runTarget(CommonLaunchHandler.java:111) ~[fmlloader-1.20.1-47.4.0.jar%2369!/:?]
	at net.minecraftforge.fml.loading.targets.CommonLaunchHandler.serverService(CommonLaunchHandler.java:103) ~[fmlloader-1.20.1-47.4.0.jar%2369!/:?]
	at net.minecraftforge.fml.loading.targets.CommonServerLaunchHandler.lambda$makeService$0(CommonServerLaunchHandler.java:27) ~[fmlloader-1.20.1-47.4.0.jar%2369!/:?]
	at cpw.mods.modlauncher.LaunchServiceHandlerDecorator.launch(LaunchServiceHandlerDecorator.java:30) ~[modlauncher-10.0.9.jar%2355!/:?]
	at cpw.mods.modlauncher.LaunchServiceHandler.launch(LaunchServiceHandler.java:53) ~[modlauncher-10.0.9.jar%2355!/:?]
	at cpw.mods.modlauncher.LaunchServiceHandler.launch(LaunchServiceHandler.java:71) ~[modlauncher-10.0.9.jar%2355!/:?]
	at cpw.mods.modlauncher.Launcher.run(Launcher.java:108) ~[modlauncher-10.0.9.jar%2355!/:?]
	at cpw.mods.modlauncher.Launcher.main(Launcher.java:78) ~[modlauncher-10.0.9.jar%2355!/:?]
	at cpw.mods.modlauncher.BootstrapLaunchConsumer.accept(BootstrapLaunchConsumer.java:26) ~[modlauncher-10.0.9.jar%2355!/:?]
	at cpw.mods.modlauncher.BootstrapLaunchConsumer.accept(BootstrapLaunchConsumer.java:23) ~[modlauncher-10.0.9.jar%2355!/:?]
	at cpw.mods.bootstraplauncher.BootstrapLauncher.main(BootstrapLauncher.java:141) ~[bootstraplauncher-1.1.2.jar:?]
[05Oct2025 14:19:14.837] [main/DEBUG] [io.netty.util.internal.PlatformDependent0/]: java.nio.DirectByteBuffer.<init>(long, int): unavailable
[05Oct2025 14:19:14.837] [main/DEBUG] [io.netty.util.internal.PlatformDependent/]: sun.misc.Unsafe: available
[05Oct2025 14:19:14.838] [main/DEBUG] [io.netty.util.internal.PlatformDependent/]: maxDirectMemory: 12884901888 bytes (maybe)
[05Oct2025 14:19:14.838] [main/DEBUG] [io.netty.util.internal.PlatformDependent/]: -Dio.netty.tmpdir: /tmp (java.io.tmpdir)
[05Oct2025 14:19:14.838] [main/DEBUG] [io.netty.util.internal.PlatformDependent/]: -Dio.netty.bitMode: 64 (sun.arch.data.model)
[05Oct2025 14:19:14.838] [main/DEBUG] [io.netty.util.internal.PlatformDependent/]: -Dio.netty.maxDirectMemory: -1 bytes
[05Oct2025 14:19:14.839] [main/DEBUG] [io.netty.util.internal.PlatformDependent/]: -Dio.netty.uninitializedArrayAllocationThreshold: -1
[05Oct2025 14:19:14.839] [main/DEBUG] [io.netty.util.internal.CleanerJava9/]: java.nio.ByteBuffer.cleaner(): available
[05Oct2025 14:19:14.839] [main/DEBUG] [io.netty.util.internal.PlatformDependent/]: -Dio.netty.noPreferDirect: false
[05Oct2025 14:19:14.891] [main/DEBUG] [net.minecraftforge.network.NetworkHooks/]: Loading Network data for FML net version: FML3
[05Oct2025 14:19:14.911] [main/DEBUG] [net.minecraftforge.common.ForgeI18n/CORE]: Loading I18N data entries: 6434
[05Oct2025 14:19:14.925] [main/DEBUG] [net.minecraftforge.fml.ModWorkManager/LOADING]: Using 4 threads for parallel mod-loading
[05Oct2025 14:19:14.930] [main/DEBUG] [net.minecraftforge.fml.javafmlmod.FMLJavaModLanguageProvider/LOADING]: Loading FMLModContainer from classloader cpw.mods.modlauncher.TransformingClassLoader@6e43ddd6 - got cpw.mods.cl.ModuleClassLoader@99a65d3
[05Oct2025 14:19:14.931] [main/DEBUG] [net.minecraftforge.fml.javafmlmod.FMLModContainer/LOADING]: Creating FMLModContainer instance for net.tysontheember.orbitalrailgun.ForgeOrbitalRailgunMod
[05Oct2025 14:19:14.932] [main/DEBUG] [net.minecraftforge.fml.javafmlmod.FMLJavaModLanguageProvider/LOADING]: Loading FMLModContainer from classloader cpw.mods.modlauncher.TransformingClassLoader@6e43ddd6 - got cpw.mods.cl.ModuleClassLoader@99a65d3
[05Oct2025 14:19:14.932] [main/DEBUG] [net.minecraftforge.fml.javafmlmod.FMLModContainer/LOADING]: Creating FMLModContainer instance for net.minecraftforge.common.ForgeMod
[05Oct2025 14:19:14.934] [main/DEBUG] [net.minecraftforge.fml.javafmlmod.FMLJavaModLanguageProvider/LOADING]: Loading FMLModContainer from classloader cpw.mods.modlauncher.TransformingClassLoader@6e43ddd6 - got cpw.mods.cl.ModuleClassLoader@99a65d3
[05Oct2025 14:19:14.934] [main/DEBUG] [net.minecraftforge.fml.javafmlmod.FMLModContainer/LOADING]: Creating FMLModContainer instance for software.bernie.example.GeckoLibMod
[05Oct2025 14:19:14.972] [modloading-worker-0/DEBUG] [net.minecraftforge.fml.javafmlmod.AutomaticEventSubscriber/LOADING]: Attempting to inject @EventBusSubscriber classes into the eventbus for geckolib
[05Oct2025 14:19:14.970] [modloading-worker-0/DEBUG] [net.minecraftforge.versions.forge.ForgeVersion/CORE]: Forge Version package package net.minecraftforge.versions.forge, Forge, version 47.4 from cpw.mods.modlauncher.TransformingClassLoader@6e43ddd6
[05Oct2025 14:19:14.973] [modloading-worker-0/DEBUG] [net.minecraftforge.versions.forge.ForgeVersion/CORE]: Found Forge version 47.4.0
[05Oct2025 14:19:14.973] [modloading-worker-0/DEBUG] [net.minecraftforge.versions.forge.ForgeVersion/CORE]: Found Forge spec 47.4
[05Oct2025 14:19:14.973] [modloading-worker-0/DEBUG] [net.minecraftforge.versions.forge.ForgeVersion/CORE]: Found Forge group net.minecraftforge
[05Oct2025 14:19:14.974] [modloading-worker-0/DEBUG] [net.minecraftforge.versions.mcp.MCPVersion/CORE]: MCP Version package package net.minecraftforge.versions.mcp, Minecraft, version 1.20.1 from cpw.mods.modlauncher.TransformingClassLoader@6e43ddd6
[05Oct2025 14:19:14.974] [modloading-worker-0/DEBUG] [net.minecraftforge.versions.mcp.MCPVersion/CORE]: Found MC version information 1.20.1
[05Oct2025 14:19:14.974] [modloading-worker-0/DEBUG] [net.minecraftforge.versions.mcp.MCPVersion/CORE]: Found MCP version information 20230612.114412
[05Oct2025 14:19:14.976] [modloading-worker-0/DEBUG] [net.minecraftforge.fml.javafmlmod.AutomaticEventSubscriber/LOADING]: Auto-subscribing software.bernie.example.GeckoLibMod to FORGE
[05Oct2025 14:19:14.974] [modloading-worker-0/INFO] [net.minecraftforge.common.ForgeMod/FORGEMOD]: Forge mod loading, version 47.4.0, for MC 1.20.1 with MCP 20230612.114412
[05Oct2025 14:19:14.981] [modloading-worker-0/INFO] [net.minecraftforge.common.MinecraftForge/FORGE]: MinecraftForge v47.4.0 Initialized
[05Oct2025 14:19:14.982] [modloading-worker-0/DEBUG] [net.minecraftforge.fml.javafmlmod.AutomaticEventSubscriber/LOADING]: Auto-subscribing software.bernie.example.CommonListener to MOD
[05Oct2025 14:19:15.000] [modloading-worker-0/DEBUG] [net.minecraftforge.fml.config.ConfigTracker/CONFIG]: Config file orbital_railgun-common.toml for orbital_railgun tracking
[05Oct2025 14:19:15.006] [modloading-worker-0/DEBUG] [net.minecraftforge.fml.javafmlmod.AutomaticEventSubscriber/LOADING]: Attempting to inject @EventBusSubscriber classes into the eventbus for orbital_railgun
[05Oct2025 14:19:15.012] [modloading-worker-0/DEBUG] [net.minecraftforge.fml.config.ConfigTracker/CONFIG]: Config file forge-client.toml for forge tracking
[05Oct2025 14:19:15.012] [modloading-worker-0/DEBUG] [net.minecraftforge.fml.config.ConfigTracker/CONFIG]: Config file forge-server.toml for forge tracking
[05Oct2025 14:19:15.012] [modloading-worker-0/DEBUG] [net.minecraftforge.fml.ModLoadingContext/]: Attempted to register an empty config for type COMMON on mod forge
[05Oct2025 14:19:15.033] [modloading-worker-0/DEBUG] [net.minecraftforge.fml.javafmlmod.AutomaticEventSubscriber/LOADING]: Attempting to inject @EventBusSubscriber classes into the eventbus for forge
[05Oct2025 14:19:15.034] [modloading-worker-0/DEBUG] [net.minecraftforge.fml.javafmlmod.AutomaticEventSubscriber/LOADING]: Auto-subscribing net.minecraftforge.common.ForgeSpawnEggItem$CommonHandler to MOD
[05Oct2025 14:19:15.076] [main/DEBUG] [net.minecraftforge.common.capabilities.CapabilityManager/CAPABILITIES]: Attempting to automatically register: Lnet/minecraftforge/energy/IEnergyStorage;
[05Oct2025 14:19:15.076] [main/DEBUG] [net.minecraftforge.common.capabilities.CapabilityManager/CAPABILITIES]: Attempting to automatically register: Lnet/minecraftforge/fluids/capability/IFluidHandler;
[05Oct2025 14:19:15.077] [main/DEBUG] [net.minecraftforge.common.capabilities.CapabilityManager/CAPABILITIES]: Attempting to automatically register: Lnet/minecraftforge/fluids/capability/IFluidHandlerItem;
[05Oct2025 14:19:15.077] [main/DEBUG] [net.minecraftforge.common.capabilities.CapabilityManager/CAPABILITIES]: Attempting to automatically register: Lnet/minecraftforge/items/IItemHandler;
[05Oct2025 14:19:15.206] [main/DEBUG] [net.minecraftforge.fml.config.ConfigTracker/CONFIG]: Loading configs type COMMON
[05Oct2025 14:19:15.207] [main/DEBUG] [net.minecraftforge.fml.config.ConfigFileTypeHandler/CONFIG]: Built TOML config for /workspaces/Servidor/servidor_minecraft/config/orbital_railgun-common.toml
[05Oct2025 14:19:15.238] [main/DEBUG] [net.minecraftforge.fml.config.ConfigFileTypeHandler/CONFIG]: Loaded TOML config file /workspaces/Servidor/servidor_minecraft/config/orbital_railgun-common.toml
[05Oct2025 14:19:15.243] [main/DEBUG] [net.minecraftforge.fml.config.ConfigFileTypeHandler/CONFIG]: Watching TOML config file /workspaces/Servidor/servidor_minecraft/config/orbital_railgun-common.toml for changes
[05Oct2025 14:19:15.246] [Thread-1/DEBUG] [net.minecraftforge.fml.config.ConfigFileTypeHandler/CONFIG]: Config file orbital_railgun-common.toml changed, sending notifies
[05Oct2025 14:19:15.247] [Thread-1/DEBUG] [net.minecraftforge.fml.config.ConfigFileTypeHandler/CONFIG]: Config file orbital_railgun-common.toml changed, sending notifies
[05Oct2025 14:19:15.252] [main/DEBUG] [net.minecraftforge.fml.DeferredWorkQueue/LOADING]: Dispatching synchronous work for work queue COMMON_SETUP: 1 jobs
[05Oct2025 14:19:15.258] [main/DEBUG] [net.minecraftforge.fml.DeferredWorkQueue/LOADING]: Synchronous work queue completed in 4.249 ms
[05Oct2025 14:19:15.892] [Forge Version Check/INFO] [net.minecraftforge.fml.VersionChecker/]: [forge] Starting version check at https://files.minecraftforge.net/net/minecraftforge/forge/promotions_slim.json
[05Oct2025 14:19:16.197] [Forge Version Check/DEBUG] [net.minecraftforge.fml.VersionChecker/]: [forge] Received version check data:
{
  "homepage": "https://files.minecraftforge.net/net/minecraftforge/forge/",
  "promos": {
    "1.1-latest": "1.3.4.29",
    "1.2.3-latest": "1.4.1.64",
    "1.2.4-latest": "2.0.0.68",
    "1.2.5-latest": "3.4.9.171",
    "1.3.2-latest": "4.3.5.318",
    "1.4.0-latest": "5.0.0.326",
    "1.4.1-latest": "6.0.0.329",
    "1.4.2-latest": "6.0.1.355",
    "1.4.3-latest": "6.2.1.358",
    "1.4.4-latest": "6.3.0.378",
    "1.4.5-latest": "6.4.2.448",
    "1.4.6-latest": "6.5.0.489",
    "1.4.7-latest": "6.6.2.534",
    "1.5-latest": "7.7.0.598",
    "1.5.1-latest": "7.7.2.682",
    "1.5.2-latest": "7.8.1.738",
    "1.5.2-recommended": "7.8.1.738",
    "1.6.1-latest": "8.9.0.775",
    "1.6.2-latest": "9.10.1.871",
    "1.6.2-recommended": "9.10.1.871",
    "1.6.3-latest": "9.11.0.878",
    "1.6.4-latest": "9.11.1.1345",
    "1.6.4-recommended": "9.11.1.1345",
    "1.7.2-latest": "10.12.2.1161",
    "1.7.2-recommended": "10.12.2.1161",
    "1.7.10_pre4-latest": "10.12.2.1149",
    "1.7.10-latest": "10.13.4.1614",
    "1.7.10-recommended": "10.13.4.1614",
    "1.8-latest": "11.14.4.1577",
    "1.8-recommended": "11.14.4.1563",
    "1.8.8-latest": "11.15.0.1655",
    "1.8.9-latest": "11.15.1.2318",
    "1.8.9-recommended": "11.15.1.2318",
    "1.9-latest": "12.16.1.1938",
    "1.9-recommended": "12.16.1.1887",
    "1.9.4-latest": "12.17.0.2317",
    "1.9.4-recommended": "12.17.0.2317",
    "1.10-latest": "12.18.0.2000",
    "1.10.2-latest": "12.18.3.2511",
    "1.10.2-recommended": "12.18.3.2511",
    "1.11-latest": "13.19.1.2199",
    "1.11-recommended": "13.19.1.2189",
    "1.11.2-latest": "13.20.1.2588",
    "1.11.2-recommended": "13.20.1.2588",
    "1.12-latest": "14.21.1.2443",
    "1.12-recommended": "14.21.1.2387",
    "1.12.1-latest": "14.22.1.2485",
    "1.12.1-recommended": "14.22.1.2478",
    "1.12.2-latest": "14.23.5.2860",
    "1.12.2-recommended": "14.23.5.2859",
    "1.13.2-latest": "25.0.223",
    "1.14.2-latest": "26.0.63",
    "1.14.3-latest": "27.0.60",
    "1.14.4-latest": "28.2.26",
    "1.14.4-recommended": "28.2.26",
    "1.15-latest": "29.0.4",
    "1.15.1-latest": "30.0.51",
    "1.15.2-latest": "31.2.60",
    "1.15.2-recommended": "31.2.57",
    "1.16.1-latest": "32.0.108",
    "1.16.2-latest": "33.0.61",
    "1.16.3-latest": "34.1.42",
    "1.16.3-recommended": "34.1.0",
    "1.16.4-latest": "35.1.37",
    "1.16.4-recommended": "35.1.4",
    "1.16.5-latest": "36.2.42",
    "1.16.5-recommended": "36.2.34",
    "1.17.1-latest": "37.1.1",
    "1.17.1-recommended": "37.1.1",
    "1.18-latest": "38.0.17",
    "1.18.1-latest": "39.1.2",
    "1.18.1-recommended": "39.1.0",
    "1.18.2-recommended": "40.3.0",
    "1.18.2-latest": "40.3.11",
    "1.19-latest": "41.1.0",
    "1.19-recommended": "41.1.0",
    "1.19.1-latest": "42.0.9",
    "1.19.2-recommended": "43.5.0",
    "1.19.2-latest": "43.5.1",
    "1.19.3-latest": "44.1.23",
    "1.19.3-recommended": "44.1.0",
    "1.19.4-recommended": "45.4.0",
    "1.19.4-latest": "45.4.2",
    "1.20-latest": "46.0.14",
    "1.20.1-recommended": "47.4.0",
    "1.20.1-latest": "47.4.9",
    "1.20.2-latest": "48.1.0",
    "1.20.2-recommended": "48.1.0",
    "1.20.3-latest": "49.0.2",
    "1.20.4-latest": "49.2.2",
    "1.20.4-recommended": "49.2.0",
    "1.20.6-latest": "50.2.2",
    "1.20.6-recommended": "50.2.0",
    "1.21-latest": "51.0.33",
    "1.21.1-latest": "52.1.5",
    "1.21.1-recommended": "52.1.0",
    "1.21.3-latest": "53.1.4",
    "1.21.3-recommended": "53.1.0",
    "1.21.4-latest": "54.1.8",
    "1.21.4-recommended": "54.1.0",
    "1.21.5-latest": "55.1.2",
    "1.21.5-recommended": "55.1.0",
    "1.21.6-latest": "56.0.9",
    "1.21.7-latest": "57.0.3",
    "1.21.8-latest": "58.1.6",
    "1.21.8-recommended": "58.1.0",
    "1.21.9-latest": "59.0.2"
  }
}
[05Oct2025 14:19:16.199] [Forge Version Check/INFO] [net.minecraftforge.fml.VersionChecker/]: [forge] Found status: UP_TO_DATE Current: 47.4.0 Target: null
[05Oct2025 14:19:16.816] [main/INFO] [com.mojang.authlib.yggdrasil.YggdrasilAuthenticationService/]: Environment: authHost='https://authserver.mojang.com', accountsHost='https://api.mojang.com', sessionHost='https://sessionserver.mojang.com', servicesHost='https://api.minecraftservices.com', name='PROD'
[05Oct2025 14:19:17.701] [main/WARN] [net.minecraft.server.packs.VanillaPackResourcesBuilder/]: Assets URL 'union:/workspaces/Servidor/servidor_minecraft/libraries/net/minecraft/server/1.20.1-20230612.114412/server-1.20.1-20230612.114412-srg.jar%23105!/assets/.mcassetsroot' uses unexpected schema
[05Oct2025 14:19:17.702] [main/WARN] [net.minecraft.server.packs.VanillaPackResourcesBuilder/]: Assets URL 'union:/workspaces/Servidor/servidor_minecraft/libraries/net/minecraft/server/1.20.1-20230612.114412/server-1.20.1-20230612.114412-srg.jar%23105!/data/.mcassetsroot' uses unexpected schema
[05Oct2025 14:19:17.772] [main/DEBUG] [net.minecraftforge.server.ServerLifecycleHooks/CORE]: Generating PackInfo named mod:orbital_railgun for mod file /workspaces/Servidor/servidor_minecraft/mods/orbital_railgun-1.0.1.jar
[05Oct2025 14:19:17.773] [main/DEBUG] [net.minecraftforge.server.ServerLifecycleHooks/CORE]: Generating PackInfo named mod:forge for mod file /workspaces/Servidor/servidor_minecraft/libraries/net/minecraftforge/forge/1.20.1-47.4.0/forge-1.20.1-47.4.0-universal.jar
[05Oct2025 14:19:17.773] [main/DEBUG] [net.minecraftforge.server.ServerLifecycleHooks/CORE]: Generating PackInfo named mod:geckolib for mod file /workspaces/Servidor/servidor_minecraft/mods/geckolib-forge-1.20.1-4.8.2.jar
[05Oct2025 14:19:18.724] [main/DEBUG] [net.minecraftforge.coremod.transformer.CoreModBaseTransformer/COREMOD]: Transforming net/minecraft/server/commands/SummonCommand
[05Oct2025 14:19:19.132] [Worker-Main-3/DEBUG] [net.minecraftforge.coremod.transformer.CoreModBaseTransformer/COREMOD]: Transforming net/minecraft/world/entity/raid/Raid
[05Oct2025 14:19:19.381] [main/INFO] [net.minecraft.world.item.crafting.RecipeManager/]: Loaded 7 recipes
[05Oct2025 14:19:19.541] [main/INFO] [net.minecraft.advancements.AdvancementList/]: Loaded 1271 advancements
[05Oct2025 14:19:19.909] [main/DEBUG] [net.minecraftforge.common.ForgeHooks/WP]: Gathering id map for writing to world save world
[05Oct2025 14:19:19.921] [main/DEBUG] [net.minecraftforge.common.ForgeHooks/WP]: ID Map collection complete world
[05Oct2025 14:19:19.958] [Server thread/INFO] [net.minecraft.server.dedicated.DedicatedServer/]: Starting minecraft server version 1.20.1
[05Oct2025 14:19:19.958] [Server thread/INFO] [net.minecraft.server.dedicated.DedicatedServer/]: Loading properties
[05Oct2025 14:19:19.959] [Server thread/INFO] [net.minecraft.server.dedicated.DedicatedServer/]: Default game type: SURVIVAL
[05Oct2025 14:19:19.959] [Server thread/INFO] [net.minecraft.server.MinecraftServer/]: Generating keypair
[05Oct2025 14:19:20.087] [Server thread/INFO] [net.minecraft.server.dedicated.DedicatedServer/]: Starting Minecraft server on *:25565
[05Oct2025 14:19:20.088] [Server thread/DEBUG] [net.minecraftforge.network.DualStackUtils/]: Detected IPv6 address: "0:0:0:0:0:0:0:0"
[05Oct2025 14:19:20.096] [Server thread/DEBUG] [io.netty.util.internal.NativeLibraryLoader/]: -Dio.netty.native.workdir: /tmp (io.netty.tmpdir)
[05Oct2025 14:19:20.096] [Server thread/DEBUG] [io.netty.util.internal.NativeLibraryLoader/]: -Dio.netty.native.deleteLibAfterLoading: true
[05Oct2025 14:19:20.096] [Server thread/DEBUG] [io.netty.util.internal.NativeLibraryLoader/]: -Dio.netty.native.tryPatchShadedId: true
[05Oct2025 14:19:20.096] [Server thread/DEBUG] [io.netty.util.internal.NativeLibraryLoader/]: -Dio.netty.native.detectNativeLibraryDuplicates: true
[05Oct2025 14:19:20.104] [Server thread/DEBUG] [io.netty.util.internal.NativeLibraryLoader/]: Successfully loaded the library /tmp/libnetty_transport_native_epoll_x86_646851866869818280801.so
[05Oct2025 14:19:20.107] [Server thread/DEBUG] [io.netty.util.NetUtil/]: -Djava.net.preferIPv4Stack: false
[05Oct2025 14:19:20.107] [Server thread/DEBUG] [io.netty.util.NetUtil/]: -Djava.net.preferIPv6Addresses: true
[05Oct2025 14:19:20.108] [Server thread/DEBUG] [io.netty.util.NetUtilInitializations/]: Loopback interface: lo (lo, 0:0:0:0:0:0:0:1%lo)
[05Oct2025 14:19:20.110] [Server thread/DEBUG] [io.netty.util.NetUtil/]: /proc/sys/net/core/somaxconn: 4096
[05Oct2025 14:19:20.114] [Server thread/INFO] [net.minecraft.server.network.ServerConnectionListener/]: Using epoll channel type
[05Oct2025 14:19:20.127] [Server thread/DEBUG] [io.netty.channel.MultithreadEventLoopGroup/]: -Dio.netty.eventLoopThreads: 8
[05Oct2025 14:19:20.139] [Server thread/DEBUG] [io.netty.util.internal.InternalThreadLocalMap/]: -Dio.netty.threadLocalMap.stringBuilder.initialSize: 1024
[05Oct2025 14:19:20.139] [Server thread/DEBUG] [io.netty.util.internal.InternalThreadLocalMap/]: -Dio.netty.threadLocalMap.stringBuilder.maxSize: 4096
[05Oct2025 14:19:20.149] [Server thread/DEBUG] [io.netty.util.internal.PlatformDependent/]: org.jctools-core.MpscChunkedArrayQueue: available
[05Oct2025 14:19:20.157] [Server thread/DEBUG] [io.netty.channel.DefaultChannelId/]: -Dio.netty.processId: 3643 (auto-detected)
[05Oct2025 14:19:20.159] [Server thread/DEBUG] [io.netty.channel.DefaultChannelId/]: -Dio.netty.machineId: 7c:1e:52:ff:fe:a5:48:e0 (auto-detected)
[05Oct2025 14:19:20.185] [Server thread/DEBUG] [io.netty.buffer.PooledByteBufAllocator/]: -Dio.netty.allocator.numHeapArenas: 8
[05Oct2025 14:19:20.185] [Server thread/DEBUG] [io.netty.buffer.PooledByteBufAllocator/]: -Dio.netty.allocator.numDirectArenas: 8
[05Oct2025 14:19:20.185] [Server thread/DEBUG] [io.netty.buffer.PooledByteBufAllocator/]: -Dio.netty.allocator.pageSize: 8192
[05Oct2025 14:19:20.185] [Server thread/DEBUG] [io.netty.buffer.PooledByteBufAllocator/]: -Dio.netty.allocator.maxOrder: 9
[05Oct2025 14:19:20.185] [Server thread/DEBUG] [io.netty.buffer.PooledByteBufAllocator/]: -Dio.netty.allocator.chunkSize: 4194304
[05Oct2025 14:19:20.185] [Server thread/DEBUG] [io.netty.buffer.PooledByteBufAllocator/]: -Dio.netty.allocator.smallCacheSize: 256
[05Oct2025 14:19:20.186] [Server thread/DEBUG] [io.netty.buffer.PooledByteBufAllocator/]: -Dio.netty.allocator.normalCacheSize: 64
[05Oct2025 14:19:20.186] [Server thread/DEBUG] [io.netty.buffer.PooledByteBufAllocator/]: -Dio.netty.allocator.maxCachedBufferCapacity: 32768
[05Oct2025 14:19:20.186] [Server thread/DEBUG] [io.netty.buffer.PooledByteBufAllocator/]: -Dio.netty.allocator.cacheTrimInterval: 8192
[05Oct2025 14:19:20.186] [Server thread/DEBUG] [io.netty.buffer.PooledByteBufAllocator/]: -Dio.netty.allocator.cacheTrimIntervalMillis: 0
[05Oct2025 14:19:20.186] [Server thread/DEBUG] [io.netty.buffer.PooledByteBufAllocator/]: -Dio.netty.allocator.useCacheForAllThreads: false
[05Oct2025 14:19:20.186] [Server thread/DEBUG] [io.netty.buffer.PooledByteBufAllocator/]: -Dio.netty.allocator.maxCachedByteBuffersPerChunk: 1023
[05Oct2025 14:19:20.194] [Server thread/DEBUG] [io.netty.buffer.ByteBufUtil/]: -Dio.netty.allocator.type: pooled
[05Oct2025 14:19:20.194] [Server thread/DEBUG] [io.netty.buffer.ByteBufUtil/]: -Dio.netty.threadLocalDirectBufferSize: 0
[05Oct2025 14:19:20.195] [Server thread/DEBUG] [io.netty.buffer.ByteBufUtil/]: -Dio.netty.maxThreadLocalCharBufferSize: 16384
[05Oct2025 14:19:20.203] [Server thread/WARN] [net.minecraft.server.dedicated.DedicatedServer/]: **** SERVER IS RUNNING IN OFFLINE/INSECURE MODE!
[05Oct2025 14:19:20.204] [Server thread/WARN] [net.minecraft.server.dedicated.DedicatedServer/]: The server will make no attempt to authenticate usernames. Beware.
[05Oct2025 14:19:20.204] [Server thread/WARN] [net.minecraft.server.dedicated.DedicatedServer/]: While this makes the game possible to play without internet access, it also opens up the ability for hackers to connect with any username they choose.
[05Oct2025 14:19:20.204] [Server thread/WARN] [net.minecraft.server.dedicated.DedicatedServer/]: To change this, set "online-mode" to "true" in the server.properties file.
[05Oct2025 14:19:20.220] [Server thread/DEBUG] [net.minecraftforge.fml.config.ConfigTracker/CONFIG]: Loading configs type SERVER
[05Oct2025 14:19:20.220] [Server thread/DEBUG] [net.minecraftforge.fml.config.ConfigFileTypeHandler/CONFIG]: Built TOML config for ./world/serverconfig/forge-server.toml
[05Oct2025 14:19:20.221] [Server thread/DEBUG] [net.minecraftforge.fml.config.ConfigFileTypeHandler/CONFIG]: Loaded TOML config file ./world/serverconfig/forge-server.toml
[05Oct2025 14:19:20.221] [Server thread/DEBUG] [net.minecraftforge.fml.config.ConfigFileTypeHandler/CONFIG]: Watching TOML config file ./world/serverconfig/forge-server.toml for changes
[05Oct2025 14:19:20.222] [Server thread/DEBUG] [net.minecraftforge.common.ForgeConfig/FORGEMOD]: Loaded forge config file forge-server.toml
[05Oct2025 14:19:20.222] [Thread-1/DEBUG] [net.minecraftforge.fml.config.ConfigFileTypeHandler/CONFIG]: Config file forge-server.toml changed, sending notifies
[05Oct2025 14:19:20.222] [Thread-1/DEBUG] [net.minecraftforge.common.ForgeConfig/FORGEMOD]: Forge config just got changed on the file system!
[05Oct2025 14:19:20.223] [Thread-1/DEBUG] [net.minecraftforge.fml.config.ConfigFileTypeHandler/CONFIG]: Config file forge-server.toml changed, sending notifies
[05Oct2025 14:19:20.223] [Thread-1/DEBUG] [net.minecraftforge.common.ForgeConfig/FORGEMOD]: Forge config just got changed on the file system!
[05Oct2025 14:19:20.244] [Server thread/INFO] [net.minecraft.server.dedicated.DedicatedServer/]: Preparing level "world"
[05Oct2025 14:19:20.250] [Server thread/DEBUG] [net.minecraftforge.coremod.transformer.CoreModBaseTransformer/COREMOD]: Transforming net/minecraft/world/level/levelgen/PhantomSpawner
[05Oct2025 14:19:20.258] [Server thread/DEBUG] [net.minecraftforge.coremod.transformer.CoreModBaseTransformer/COREMOD]: Transforming net/minecraft/world/level/levelgen/PatrolSpawner
[05Oct2025 14:19:20.266] [Server thread/DEBUG] [net.minecraftforge.coremod.transformer.CoreModBaseTransformer/COREMOD]: Transforming net/minecraft/world/entity/npc/CatSpawner
[05Oct2025 14:19:20.273] [Server thread/DEBUG] [net.minecraftforge.coremod.transformer.CoreModBaseTransformer/COREMOD]: Transforming net/minecraft/world/entity/ai/village/VillageSiege
[05Oct2025 14:19:23.121] [Server thread/INFO] [net.minecraft.server.MinecraftServer/]: Preparing start region for dimension minecraft:overworld
[05Oct2025 14:19:25.895] [Worker-Main-3/INFO] [net.minecraft.server.level.progress.LoggerChunkProgressListener/]: Preparing spawn area: 0%
[05Oct2025 14:19:25.930] [Worker-Main-3/INFO] [net.minecraft.server.level.progress.LoggerChunkProgressListener/]: Preparing spawn area: 0%
[05Oct2025 14:19:25.937] [Worker-Main-3/INFO] [net.minecraft.server.level.progress.LoggerChunkProgressListener/]: Preparing spawn area: 0%
[05Oct2025 14:19:25.938] [Worker-Main-3/INFO] [net.minecraft.server.level.progress.LoggerChunkProgressListener/]: Preparing spawn area: 0%
[05Oct2025 14:19:25.952] [Worker-Main-2/INFO] [net.minecraft.server.level.progress.LoggerChunkProgressListener/]: Preparing spawn area: 0%
[05Oct2025 14:19:25.972] [Worker-Main-3/INFO] [net.minecraft.server.level.progress.LoggerChunkProgressListener/]: Preparing spawn area: 0%
[05Oct2025 14:19:26.102] [Server thread/DEBUG] [net.minecraftforge.coremod.transformer.CoreModBaseTransformer/COREMOD]: Transforming net/minecraft/world/level/levelgen/structure/templatesystem/StructureTemplate
[05Oct2025 14:19:26.163] [Worker-Main-2/INFO] [net.minecraft.server.level.progress.LoggerChunkProgressListener/]: Preparing spawn area: 0%
[05Oct2025 14:19:26.243] [Server thread/WARN] [net.minecraft.world.level.chunk.storage.ChunkSerializer/]: Found reference to unknown structure 'minecraft:trial_chambers' in chunk [-20, 0], discarding
[05Oct2025 14:19:26.245] [Server thread/WARN] [net.minecraft.world.level.chunk.storage.ChunkSerializer/]: Found reference to unknown structure 'minecraft:trial_chambers' in chunk [-20, 1], discarding
[05Oct2025 14:19:26.246] [Server thread/WARN] [net.minecraft.world.level.chunk.storage.ChunkSerializer/]: Found reference to unknown structure 'minecraft:trial_chambers' in chunk [-20, 2], discarding
[05Oct2025 14:19:26.247] [Server thread/WARN] [net.minecraft.world.level.chunk.storage.ChunkSerializer/]: Found reference to unknown structure 'minecraft:trial_chambers' in chunk [-20, 3], discarding
[05Oct2025 14:19:26.248] [Server thread/WARN] [net.minecraft.world.level.chunk.storage.ChunkSerializer/]: Found reference to unknown structure 'minecraft:trial_chambers' in chunk [-20, 4], discarding
[05Oct2025 14:19:26.249] [Server thread/WARN] [net.minecraft.world.level.chunk.storage.ChunkSerializer/]: Found reference to unknown structure 'minecraft:trial_chambers' in chunk [-20, 5], discarding
[05Oct2025 14:19:26.250] [Server thread/WARN] [net.minecraft.world.level.chunk.storage.ChunkSerializer/]: Found reference to unknown structure 'minecraft:trial_chambers' in chunk [-20, 6], discarding
[05Oct2025 14:19:26.252] [Server thread/WARN] [net.minecraft.world.level.chunk.storage.ChunkSerializer/]: Found reference to unknown structure 'minecraft:trial_chambers' in chunk [-20, 7], discarding
[05Oct2025 14:19:26.255] [Server thread/WARN] [net.minecraft.world.level.chunk.storage.ChunkSerializer/]: Found reference to unknown structure 'minecraft:trial_chambers' in chunk [-20, 8], discarding
[05Oct2025 14:19:26.257] [Server thread/WARN] [net.minecraft.world.level.chunk.storage.ChunkSerializer/]: Found reference to unknown structure 'minecraft:trial_chambers' in chunk [-20, 9], discarding
[05Oct2025 14:19:26.363] [Server thread/WARN] [net.minecraft.world.level.chunk.storage.ChunkSerializer/]: Found reference to unknown structure 'minecraft:trial_chambers' in chunk [-21, 0], discarding
[05Oct2025 14:19:26.365] [Server thread/WARN] [net.minecraft.world.level.chunk.storage.ChunkSerializer/]: Found reference to unknown structure 'minecraft:trial_chambers' in chunk [-21, 1], discarding
[05Oct2025 14:19:26.367] [Server thread/WARN] [net.minecraft.world.level.chunk.storage.ChunkSerializer/]: Found reference to unknown structure 'minecraft:trial_chambers' in chunk [-21, 2], discarding
[05Oct2025 14:19:26.369] [Server thread/WARN] [net.minecraft.world.level.chunk.storage.ChunkSerializer/]: Found reference to unknown structure 'minecraft:trial_chambers' in chunk [-21, 3], discarding
[05Oct2025 14:19:26.371] [Server thread/WARN] [net.minecraft.world.level.chunk.storage.ChunkSerializer/]: Found reference to unknown structure 'minecraft:trial_chambers' in chunk [-21, 4], discarding
[05Oct2025 14:19:26.373] [Server thread/WARN] [net.minecraft.world.level.chunk.storage.ChunkSerializer/]: Found reference to unknown structure 'minecraft:trial_chambers' in chunk [-21, 5], discarding
[05Oct2025 14:19:26.375] [Server thread/WARN] [net.minecraft.world.level.chunk.storage.ChunkSerializer/]: Found reference to unknown structure 'minecraft:trial_chambers' in chunk [-21, 6], discarding
[05Oct2025 14:19:26.378] [Server thread/WARN] [net.minecraft.world.level.chunk.storage.ChunkSerializer/]: Found reference to unknown structure 'minecraft:trial_chambers' in chunk [-21, 7], discarding
[05Oct2025 14:19:26.379] [Server thread/WARN] [net.minecraft.world.level.chunk.storage.ChunkSerializer/]: Found reference to unknown structure 'minecraft:trial_chambers' in chunk [-21, 8], discarding
[05Oct2025 14:19:26.381] [Server thread/WARN] [net.minecraft.world.level.chunk.storage.ChunkSerializer/]: Found reference to unknown structure 'minecraft:trial_chambers' in chunk [-21, 9], discarding
[05Oct2025 14:19:26.633] [Worker-Main-1/INFO] [net.minecraft.server.level.progress.LoggerChunkProgressListener/]: Preparing spawn area: 0%
[05Oct2025 14:19:27.129] [Worker-Main-2/INFO] [net.minecraft.server.level.progress.LoggerChunkProgressListener/]: Preparing spawn area: 0%
[05Oct2025 14:19:27.298] [Server thread/WARN] [net.minecraft.world.level.chunk.storage.ChunkSerializer/]: Found reference to unknown structure 'minecraft:trial_chambers' in chunk [-22, 0], discarding
[05Oct2025 14:19:27.299] [Server thread/WARN] [net.minecraft.world.level.chunk.storage.ChunkSerializer/]: Found reference to unknown structure 'minecraft:trial_chambers' in chunk [-22, 1], discarding
[05Oct2025 14:19:27.300] [Server thread/WARN] [net.minecraft.world.level.chunk.storage.ChunkSerializer/]: Found reference to unknown structure 'minecraft:trial_chambers' in chunk [-22, 2], discarding
[05Oct2025 14:19:27.301] [Server thread/WARN] [net.minecraft.world.level.chunk.storage.ChunkSerializer/]: Found reference to unknown structure 'minecraft:trial_chambers' in chunk [-22, 3], discarding
[05Oct2025 14:19:27.304] [Server thread/WARN] [net.minecraft.world.level.chunk.storage.ChunkSerializer/]: Found reference to unknown structure 'minecraft:trial_chambers' in chunk [-22, 4], discarding
[05Oct2025 14:19:27.307] [Server thread/WARN] [net.minecraft.world.level.chunk.storage.ChunkSerializer/]: Found reference to unknown structure 'minecraft:trial_chambers' in chunk [-22, 5], discarding
[05Oct2025 14:19:27.310] [Server thread/WARN] [net.minecraft.world.level.chunk.storage.ChunkSerializer/]: Found reference to unknown structure 'minecraft:trial_chambers' in chunk [-22, 6], discarding
[05Oct2025 14:19:27.313] [Server thread/WARN] [net.minecraft.world.level.chunk.storage.ChunkSerializer/]: Found reference to unknown structure 'minecraft:trial_chambers' in chunk [-22, 7], discarding
[05Oct2025 14:19:27.314] [Server thread/WARN] [net.minecraft.world.level.chunk.storage.ChunkSerializer/]: Found reference to unknown structure 'minecraft:trial_chambers' in chunk [-22, 8], discarding
[05Oct2025 14:19:27.316] [Server thread/WARN] [net.minecraft.world.level.chunk.storage.ChunkSerializer/]: Found reference to unknown structure 'minecraft:trial_chambers' in chunk [-22, 9], discarding
[05Oct2025 14:19:27.348] [Server thread/WARN] [net.minecraft.world.level.chunk.storage.ChunkSerializer/]: Found reference to unknown structure 'minecraft:trial_chambers' in chunk [-23, 0], discarding
[05Oct2025 14:19:27.350] [Server thread/WARN] [net.minecraft.world.level.chunk.storage.ChunkSerializer/]: Found reference to unknown structure 'minecraft:trial_chambers' in chunk [-23, 1], discarding
[05Oct2025 14:19:27.351] [Server thread/WARN] [net.minecraft.world.level.chunk.storage.ChunkSerializer/]: Found reference to unknown structure 'minecraft:trial_chambers' in chunk [-23, 2], discarding
[05Oct2025 14:19:27.357] [Server thread/WARN] [net.minecraft.world.level.chunk.storage.ChunkSerializer/]: Found reference to unknown structure 'minecraft:trial_chambers' in chunk [-23, 3], discarding
[05Oct2025 14:19:27.361] [Server thread/WARN] [net.minecraft.world.level.chunk.storage.ChunkSerializer/]: Found reference to unknown structure 'minecraft:trial_chambers' in chunk [-23, 5], discarding
[05Oct2025 14:19:27.363] [Server thread/WARN] [net.minecraft.world.level.chunk.storage.ChunkSerializer/]: Found reference to unknown structure 'minecraft:trial_chambers' in chunk [-23, 6], discarding
[05Oct2025 14:19:27.366] [Server thread/WARN] [net.minecraft.world.level.chunk.storage.ChunkSerializer/]: Found reference to unknown structure 'minecraft:trial_chambers' in chunk [-23, 7], discarding
[05Oct2025 14:19:27.374] [Server thread/WARN] [net.minecraft.world.level.chunk.storage.ChunkSerializer/]: Found reference to unknown structure 'minecraft:trial_chambers' in chunk [-23, 8], discarding
[05Oct2025 14:19:27.376] [Server thread/WARN] [net.minecraft.world.level.chunk.storage.ChunkSerializer/]: Found reference to unknown structure 'minecraft:trial_chambers' in chunk [-23, 9], discarding
[05Oct2025 14:19:27.628] [Worker-Main-3/INFO] [net.minecraft.server.level.progress.LoggerChunkProgressListener/]: Preparing spawn area: 0%
[05Oct2025 14:19:27.694] [Server thread/WARN] [net.minecraft.world.level.chunk.storage.ChunkSerializer/]: Found reference to unknown structure 'minecraft:trial_chambers' in chunk [-24, 0], discarding
[05Oct2025 14:19:27.695] [Server thread/WARN] [net.minecraft.world.level.chunk.storage.ChunkSerializer/]: Found reference to unknown structure 'minecraft:trial_chambers' in chunk [-24, 1], discarding
[05Oct2025 14:19:27.696] [Server thread/WARN] [net.minecraft.world.level.chunk.storage.ChunkSerializer/]: Found reference to unknown structure 'minecraft:trial_chambers' in chunk [-24, 2], discarding
[05Oct2025 14:19:27.698] [Server thread/ERROR] [net.minecraft.world.level.chunk.storage.ChunkSerializer/]: Unknown structure start: minecraft:trial_chambers
[05Oct2025 14:19:27.698] [Server thread/WARN] [net.minecraft.world.level.chunk.storage.ChunkSerializer/]: Found reference to unknown structure 'minecraft:trial_chambers' in chunk [-24, 4], discarding
[05Oct2025 14:19:27.700] [Server thread/WARN] [net.minecraft.world.level.chunk.storage.ChunkSerializer/]: Found reference to unknown structure 'minecraft:trial_chambers' in chunk [-24, 5], discarding
[05Oct2025 14:19:27.701] [Server thread/WARN] [net.minecraft.world.level.chunk.storage.ChunkSerializer/]: Found reference to unknown structure 'minecraft:trial_chambers' in chunk [-24, 6], discarding
[05Oct2025 14:19:27.702] [Server thread/WARN] [net.minecraft.world.level.chunk.storage.ChunkSerializer/]: Found reference to unknown structure 'minecraft:trial_chambers' in chunk [-24, 7], discarding
[05Oct2025 14:19:27.720] [Server thread/WARN] [net.minecraft.world.level.chunk.storage.ChunkSerializer/]: Found reference to unknown structure 'minecraft:trial_chambers' in chunk [-25, 0], discarding
[05Oct2025 14:19:27.722] [Server thread/WARN] [net.minecraft.world.level.chunk.storage.ChunkSerializer/]: Found reference to unknown structure 'minecraft:trial_chambers' in chunk [-25, 1], discarding
[05Oct2025 14:19:27.723] [Server thread/WARN] [net.minecraft.world.level.chunk.storage.ChunkSerializer/]: Found reference to unknown structure 'minecraft:trial_chambers' in chunk [-25, 2], discarding
[05Oct2025 14:19:27.725] [Server thread/WARN] [net.minecraft.world.level.chunk.storage.ChunkSerializer/]: Found reference to unknown structure 'minecraft:trial_chambers' in chunk [-25, 3], discarding
[05Oct2025 14:19:27.726] [Server thread/WARN] [net.minecraft.world.level.chunk.storage.ChunkSerializer/]: Found reference to unknown structure 'minecraft:trial_chambers' in chunk [-25, 4], discarding
[05Oct2025 14:19:27.727] [Server thread/WARN] [net.minecraft.world.level.chunk.storage.ChunkSerializer/]: Found reference to unknown structure 'minecraft:trial_chambers' in chunk [-25, 5], discarding
[05Oct2025 14:19:27.729] [Server thread/WARN] [net.minecraft.world.level.chunk.storage.ChunkSerializer/]: Found reference to unknown structure 'minecraft:trial_chambers' in chunk [-25, 6], discarding
[05Oct2025 14:19:27.731] [Server thread/WARN] [net.minecraft.world.level.chunk.storage.ChunkSerializer/]: Found reference to unknown structure 'minecraft:trial_chambers' in chunk [-25, 7], discarding
[05Oct2025 14:19:27.732] [Server thread/WARN] [net.minecraft.world.level.chunk.storage.ChunkSerializer/]: Found reference to unknown structure 'minecraft:trial_chambers' in chunk [-25, 8], discarding
[05Oct2025 14:19:27.733] [Server thread/WARN] [net.minecraft.world.level.chunk.storage.ChunkSerializer/]: Found reference to unknown structure 'minecraft:trial_chambers' in chunk [-24, 8], discarding
[05Oct2025 14:19:27.734] [Server thread/WARN] [net.minecraft.world.level.chunk.storage.ChunkSerializer/]: Found reference to unknown structure 'minecraft:trial_chambers' in chunk [-25, 9], discarding
[05Oct2025 14:19:27.736] [Server thread/WARN] [net.minecraft.world.level.chunk.storage.ChunkSerializer/]: Found reference to unknown structure 'minecraft:trial_chambers' in chunk [-24, 9], discarding
[05Oct2025 14:19:27.766] [Server thread/WARN] [net.minecraft.world.level.chunk.storage.ChunkSerializer/]: Found reference to unknown structure 'minecraft:trial_chambers' in chunk [-26, 0], discarding
[05Oct2025 14:19:27.769] [Server thread/WARN] [net.minecraft.world.level.chunk.storage.ChunkSerializer/]: Found reference to unknown structure 'minecraft:trial_chambers' in chunk [-26, 1], discarding
[05Oct2025 14:19:27.771] [Server thread/WARN] [net.minecraft.world.level.chunk.storage.ChunkSerializer/]: Found reference to unknown structure 'minecraft:trial_chambers' in chunk [-26, 2], discarding
[05Oct2025 14:19:27.775] [Server thread/WARN] [net.minecraft.world.level.chunk.storage.ChunkSerializer/]: Found reference to unknown structure 'minecraft:trial_chambers' in chunk [-26, 3], discarding
[05Oct2025 14:19:27.778] [Server thread/WARN] [net.minecraft.world.level.chunk.storage.ChunkSerializer/]: Found reference to unknown structure 'minecraft:trial_chambers' in chunk [-26, 4], discarding
[05Oct2025 14:19:27.781] [Server thread/WARN] [net.minecraft.world.level.chunk.storage.ChunkSerializer/]: Found reference to unknown structure 'minecraft:trial_chambers' in chunk [-26, 5], discarding
[05Oct2025 14:19:27.783] [Server thread/WARN] [net.minecraft.world.level.chunk.storage.ChunkSerializer/]: Found reference to unknown structure 'minecraft:trial_chambers' in chunk [-26, 6], discarding
[05Oct2025 14:19:27.785] [Server thread/WARN] [net.minecraft.world.level.chunk.storage.ChunkSerializer/]: Found reference to unknown structure 'minecraft:trial_chambers' in chunk [-26, 7], discarding
[05Oct2025 14:19:27.789] [Server thread/WARN] [net.minecraft.world.level.chunk.storage.ChunkSerializer/]: Found reference to unknown structure 'minecraft:trial_chambers' in chunk [-26, 8], discarding
[05Oct2025 14:19:27.794] [Server thread/WARN] [net.minecraft.world.level.chunk.storage.ChunkSerializer/]: Found reference to unknown structure 'minecraft:trial_chambers' in chunk [-26, 9], discarding
[05Oct2025 14:19:28.124] [Worker-Main-3/INFO] [net.minecraft.server.level.progress.LoggerChunkProgressListener/]: Preparing spawn area: 5%
[05Oct2025 14:19:29.347] [Worker-Main-1/INFO] [net.minecraft.server.level.progress.LoggerChunkProgressListener/]: Preparing spawn area: 71%
[05Oct2025 14:19:29.348] [Worker-Main-1/INFO] [net.minecraft.server.level.progress.LoggerChunkProgressListener/]: Preparing spawn area: 71%
[05Oct2025 14:19:29.633] [Worker-Main-3/INFO] [net.minecraft.server.level.progress.LoggerChunkProgressListener/]: Preparing spawn area: 75%
[05Oct2025 14:19:30.139] [Worker-Main-3/INFO] [net.minecraft.server.level.progress.LoggerChunkProgressListener/]: Preparing spawn area: 94%
[05Oct2025 14:19:30.356] [Server thread/INFO] [net.minecraft.server.level.progress.LoggerChunkProgressListener/]: Time elapsed: 7232 ms
[05Oct2025 14:19:30.356] [Server thread/INFO] [net.minecraft.server.dedicated.DedicatedServer/]: Done (10.137s)! For help, type "help"
[05Oct2025 14:19:30.365] [Server thread/DEBUG] [net.minecraftforge.network.DualStackUtils/]: Detected IPv6 address: "0:0:0:0:0:0:0:0"
[05Oct2025 14:19:30.370] [Server thread/DEBUG] [net.minecraftforge.common.ForgeI18n/CORE]: Loading I18N data entries: 250
[05Oct2025 14:19:30.373] [Server thread/INFO] [net.minecraftforge.server.permission.PermissionAPI/]: Successfully initialized permission handler forge:default_handler
[05Oct2025 14:19:30.389] [Server thread/DEBUG] [io.netty.buffer.AbstractByteBuf/]: -Dio.netty.buffer.checkAccessible: true
[05Oct2025 14:19:30.389] [Server thread/DEBUG] [io.netty.buffer.AbstractByteBuf/]: -Dio.netty.buffer.checkBounds: true
[05Oct2025 14:19:30.390] [Server thread/DEBUG] [io.netty.util.ResourceLeakDetectorFactory/]: Loaded default ResourceLeakDetector: io.netty.util.ResourceLeakDetector@71aeec76
[05Oct2025 14:19:30.405] [Server thread/DEBUG] [net.minecraftforge.coremod.transformer.CoreModBaseTransformer/COREMOD]: Transforming net/minecraft/world/level/NaturalSpawner
[05Oct2025 14:21:25.577] [Server thread/INFO] [net.minecraft.server.MinecraftServer/]: Made JuanSBN a server operator
[05Oct2025 14:22:30.777] [Netty Epoll Server IO #1/DEBUG] [io.netty.util.Recycler/]: -Dio.netty.recycler.maxCapacityPerThread: 4096
[05Oct2025 14:22:30.778] [Netty Epoll Server IO #1/DEBUG] [io.netty.util.Recycler/]: -Dio.netty.recycler.ratio: 8
[05Oct2025 14:22:30.778] [Netty Epoll Server IO #1/DEBUG] [io.netty.util.Recycler/]: -Dio.netty.recycler.chunkSize: 32
[05Oct2025 14:22:30.778] [Netty Epoll Server IO #1/DEBUG] [io.netty.util.Recycler/]: -Dio.netty.recycler.blocking: false
[05Oct2025 14:22:59.846] [Netty Epoll Server IO #2/DEBUG] [net.minecraftforge.network.HandshakeHandler/FMLHANDSHAKE]: Starting new modded impl connection. Found 22 messages to dispatch.
[05Oct2025 14:22:59.873] [Server thread/DEBUG] [net.minecraftforge.network.HandshakeHandler/FMLHANDSHAKE]: Sending ticking packet info 'net.minecraftforge.network.HandshakeMessages$S2CModData' to 'fml:handshake' sequence 0
[05Oct2025 14:22:59.923] [Server thread/DEBUG] [net.minecraftforge.network.HandshakeHandler/FMLHANDSHAKE]: Sending ticking packet info 'net.minecraftforge.network.HandshakeMessages$S2CModList' to 'fml:handshake' sequence 1
[05Oct2025 14:22:59.973] [Server thread/DEBUG] [net.minecraftforge.network.HandshakeHandler/FMLHANDSHAKE]: Sending ticking packet info 'Registry minecraft:command_argument_type' to 'fml:handshake' sequence 2
[05Oct2025 14:23:00.023] [Server thread/DEBUG] [net.minecraftforge.network.HandshakeHandler/FMLHANDSHAKE]: Sending ticking packet info 'Registry minecraft:recipe_serializer' to 'fml:handshake' sequence 3
[05Oct2025 14:23:00.073] [Server thread/DEBUG] [net.minecraftforge.network.HandshakeHandler/FMLHANDSHAKE]: Sending ticking packet info 'Registry minecraft:sound_event' to 'fml:handshake' sequence 4
[05Oct2025 14:23:00.074] [Netty Epoll Server IO #2/DEBUG] [net.minecraftforge.network.LoginWrapper/FMLHANDSHAKE]: Recieved login wrapper packet event for channel fml:handshake with index 1
[05Oct2025 14:23:00.075] [Netty Epoll Server IO #2/DEBUG] [net.minecraftforge.network.HandshakeHandler/FMLHANDSHAKE]: Received client indexed reply 1 of type net.minecraftforge.network.HandshakeMessages$C2SModListReply
[05Oct2025 14:23:00.076] [Netty Epoll Server IO #2/DEBUG] [net.minecraftforge.network.HandshakeHandler/FMLHANDSHAKE]: Received client connection with modlist [minecraft, orbital_railgun, forge, geckolib]
[05Oct2025 14:23:00.076] [Netty Epoll Server IO #2/DEBUG] [net.minecraftforge.network.NetworkRegistry/NETREGISTRY]: Channel 'orbital_railgun:main' : Version test of '1' from client : ACCEPTED
[05Oct2025 14:23:00.077] [Netty Epoll Server IO #2/DEBUG] [net.minecraftforge.network.NetworkRegistry/NETREGISTRY]: Channel 'fml:loginwrapper' : Version test of 'FML3' from client : ACCEPTED
[05Oct2025 14:23:00.077] [Netty Epoll Server IO #2/DEBUG] [net.minecraftforge.network.NetworkRegistry/NETREGISTRY]: Channel 'forge:tier_sorting' : Version test of '1.0' from client : ACCEPTED
[05Oct2025 14:23:00.077] [Netty Epoll Server IO #2/DEBUG] [net.minecraftforge.network.NetworkRegistry/NETREGISTRY]: Channel 'fml:handshake' : Version test of 'FML3' from client : ACCEPTED
[05Oct2025 14:23:00.077] [Netty Epoll Server IO #2/DEBUG] [net.minecraftforge.network.NetworkRegistry/NETREGISTRY]: Channel 'minecraft:unregister' : Version test of 'FML3' from client : ACCEPTED
[05Oct2025 14:23:00.077] [Netty Epoll Server IO #2/DEBUG] [net.minecraftforge.network.NetworkRegistry/NETREGISTRY]: Channel 'fml:play' : Version test of 'FML3' from client : ACCEPTED
[05Oct2025 14:23:00.077] [Netty Epoll Server IO #2/DEBUG] [net.minecraftforge.network.NetworkRegistry/NETREGISTRY]: Channel 'minecraft:register' : Version test of 'FML3' from client : ACCEPTED
[05Oct2025 14:23:00.077] [Netty Epoll Server IO #2/DEBUG] [net.minecraftforge.network.NetworkRegistry/NETREGISTRY]: Channel 'forge:split' : Version test of '1.1' from client : ACCEPTED
[05Oct2025 14:23:00.077] [Netty Epoll Server IO #2/DEBUG] [net.minecraftforge.network.NetworkRegistry/NETREGISTRY]: Channel 'geckolib:main' : Version test of '1' from client : ACCEPTED
[05Oct2025 14:23:00.077] [Netty Epoll Server IO #2/DEBUG] [net.minecraftforge.network.NetworkRegistry/NETREGISTRY]: Accepting channel list from client
[05Oct2025 14:23:00.078] [Netty Epoll Server IO #2/DEBUG] [net.minecraftforge.network.HandshakeHandler/FMLHANDSHAKE]: Accepted client connection mod list
[05Oct2025 14:23:00.123] [Server thread/DEBUG] [net.minecraftforge.network.HandshakeHandler/FMLHANDSHAKE]: Sending ticking packet info 'Registry minecraft:particle_type' to 'fml:handshake' sequence 5
[05Oct2025 14:23:00.124] [Netty Epoll Server IO #2/DEBUG] [net.minecraftforge.network.LoginWrapper/FMLHANDSHAKE]: Recieved login wrapper packet event for channel fml:handshake with index 2
[05Oct2025 14:23:00.124] [Netty Epoll Server IO #2/DEBUG] [net.minecraftforge.network.HandshakeHandler/FMLHANDSHAKE]: Received client indexed reply 2 of type net.minecraftforge.network.HandshakeMessages$C2SAcknowledge
[05Oct2025 14:23:00.124] [Netty Epoll Server IO #2/DEBUG] [net.minecraftforge.network.HandshakeHandler/FMLHANDSHAKE]: Received acknowledgement from client
[05Oct2025 14:23:00.165] [Netty Epoll Server IO #2/DEBUG] [net.minecraftforge.network.LoginWrapper/FMLHANDSHAKE]: Recieved login wrapper packet event for channel fml:handshake with index 3
[05Oct2025 14:23:00.165] [Netty Epoll Server IO #2/DEBUG] [net.minecraftforge.network.HandshakeHandler/FMLHANDSHAKE]: Received client indexed reply 3 of type net.minecraftforge.network.HandshakeMessages$C2SAcknowledge
[05Oct2025 14:23:00.165] [Netty Epoll Server IO #2/DEBUG] [net.minecraftforge.network.HandshakeHandler/FMLHANDSHAKE]: Received acknowledgement from client
[05Oct2025 14:23:00.173] [Server thread/DEBUG] [net.minecraftforge.network.HandshakeHandler/FMLHANDSHAKE]: Sending ticking packet info 'Registry minecraft:villager_profession' to 'fml:handshake' sequence 6
[05Oct2025 14:23:00.223] [Server thread/DEBUG] [net.minecraftforge.network.HandshakeHandler/FMLHANDSHAKE]: Sending ticking packet info 'Registry minecraft:item' to 'fml:handshake' sequence 7
[05Oct2025 14:23:00.273] [Server thread/DEBUG] [net.minecraftforge.network.HandshakeHandler/FMLHANDSHAKE]: Sending ticking packet info 'Registry minecraft:potion' to 'fml:handshake' sequence 8
[05Oct2025 14:23:00.323] [Server thread/DEBUG] [net.minecraftforge.network.HandshakeHandler/FMLHANDSHAKE]: Sending ticking packet info 'Registry minecraft:painting_variant' to 'fml:handshake' sequence 9
[05Oct2025 14:23:00.373] [Server thread/DEBUG] [net.minecraftforge.network.HandshakeHandler/FMLHANDSHAKE]: Sending ticking packet info 'Registry forge:fluid_type' to 'fml:handshake' sequence 10
[05Oct2025 14:23:00.423] [Server thread/DEBUG] [net.minecraftforge.network.HandshakeHandler/FMLHANDSHAKE]: Sending ticking packet info 'Registry minecraft:block_entity_type' to 'fml:handshake' sequence 11
[05Oct2025 14:23:00.473] [Server thread/DEBUG] [net.minecraftforge.network.HandshakeHandler/FMLHANDSHAKE]: Sending ticking packet info 'Registry forge:display_contexts' to 'fml:handshake' sequence 12
[05Oct2025 14:23:00.522] [Netty Epoll Server IO #2/DEBUG] [net.minecraftforge.network.LoginWrapper/FMLHANDSHAKE]: Recieved login wrapper packet event for channel fml:handshake with index 4
[05Oct2025 14:23:00.522] [Netty Epoll Server IO #2/DEBUG] [net.minecraftforge.network.HandshakeHandler/FMLHANDSHAKE]: Received client indexed reply 4 of type net.minecraftforge.network.HandshakeMessages$C2SAcknowledge
[05Oct2025 14:23:00.522] [Netty Epoll Server IO #2/DEBUG] [net.minecraftforge.network.HandshakeHandler/FMLHANDSHAKE]: Received acknowledgement from client
[05Oct2025 14:23:00.523] [Netty Epoll Server IO #2/DEBUG] [net.minecraftforge.network.LoginWrapper/FMLHANDSHAKE]: Recieved login wrapper packet event for channel fml:handshake with index 5
[05Oct2025 14:23:00.523] [Netty Epoll Server IO #2/DEBUG] [net.minecraftforge.network.HandshakeHandler/FMLHANDSHAKE]: Received client indexed reply 5 of type net.minecraftforge.network.HandshakeMessages$C2SAcknowledge
[05Oct2025 14:23:00.523] [Netty Epoll Server IO #2/DEBUG] [net.minecraftforge.network.HandshakeHandler/FMLHANDSHAKE]: Received acknowledgement from client
[05Oct2025 14:23:00.523] [Server thread/DEBUG] [net.minecraftforge.network.HandshakeHandler/FMLHANDSHAKE]: Sending ticking packet info 'Registry minecraft:block' to 'fml:handshake' sequence 13
[05Oct2025 14:23:00.524] [Netty Epoll Server IO #2/DEBUG] [net.minecraftforge.network.LoginWrapper/FMLHANDSHAKE]: Recieved login wrapper packet event for channel fml:handshake with index 6
[05Oct2025 14:23:00.524] [Netty Epoll Server IO #2/DEBUG] [net.minecraftforge.network.HandshakeHandler/FMLHANDSHAKE]: Received client indexed reply 6 of type net.minecraftforge.network.HandshakeMessages$C2SAcknowledge
[05Oct2025 14:23:00.524] [Netty Epoll Server IO #2/DEBUG] [net.minecraftforge.network.HandshakeHandler/FMLHANDSHAKE]: Received acknowledgement from client
[05Oct2025 14:23:00.530] [Netty Epoll Server IO #2/DEBUG] [net.minecraftforge.network.LoginWrapper/FMLHANDSHAKE]: Recieved login wrapper packet event for channel fml:handshake with index 7
[05Oct2025 14:23:00.530] [Netty Epoll Server IO #2/DEBUG] [net.minecraftforge.network.HandshakeHandler/FMLHANDSHAKE]: Received client indexed reply 7 of type net.minecraftforge.network.HandshakeMessages$C2SAcknowledge
[05Oct2025 14:23:00.530] [Netty Epoll Server IO #2/DEBUG] [net.minecraftforge.network.HandshakeHandler/FMLHANDSHAKE]: Received acknowledgement from client
[05Oct2025 14:23:00.547] [Netty Epoll Server IO #2/DEBUG] [net.minecraftforge.network.LoginWrapper/FMLHANDSHAKE]: Recieved login wrapper packet event for channel fml:handshake with index 8
[05Oct2025 14:23:00.547] [Netty Epoll Server IO #2/DEBUG] [net.minecraftforge.network.HandshakeHandler/FMLHANDSHAKE]: Received client indexed reply 8 of type net.minecraftforge.network.HandshakeMessages$C2SAcknowledge
[05Oct2025 14:23:00.547] [Netty Epoll Server IO #2/DEBUG] [net.minecraftforge.network.HandshakeHandler/FMLHANDSHAKE]: Received acknowledgement from client
[05Oct2025 14:23:00.548] [Netty Epoll Server IO #2/DEBUG] [net.minecraftforge.network.LoginWrapper/FMLHANDSHAKE]: Recieved login wrapper packet event for channel fml:handshake with index 9
[05Oct2025 14:23:00.548] [Netty Epoll Server IO #2/DEBUG] [net.minecraftforge.network.HandshakeHandler/FMLHANDSHAKE]: Received client indexed reply 9 of type net.minecraftforge.network.HandshakeMessages$C2SAcknowledge
[05Oct2025 14:23:00.548] [Netty Epoll Server IO #2/DEBUG] [net.minecraftforge.network.HandshakeHandler/FMLHANDSHAKE]: Received acknowledgement from client
[05Oct2025 14:23:00.548] [Netty Epoll Server IO #2/DEBUG] [net.minecraftforge.network.LoginWrapper/FMLHANDSHAKE]: Recieved login wrapper packet event for channel fml:handshake with index 10
[05Oct2025 14:23:00.549] [Netty Epoll Server IO #2/DEBUG] [net.minecraftforge.network.HandshakeHandler/FMLHANDSHAKE]: Received client indexed reply 10 of type net.minecraftforge.network.HandshakeMessages$C2SAcknowledge
[05Oct2025 14:23:00.549] [Netty Epoll Server IO #2/DEBUG] [net.minecraftforge.network.HandshakeHandler/FMLHANDSHAKE]: Received acknowledgement from client
[05Oct2025 14:23:00.567] [Netty Epoll Server IO #2/DEBUG] [net.minecraftforge.network.LoginWrapper/FMLHANDSHAKE]: Recieved login wrapper packet event for channel fml:handshake with index 11
[05Oct2025 14:23:00.567] [Netty Epoll Server IO #2/DEBUG] [net.minecraftforge.network.HandshakeHandler/FMLHANDSHAKE]: Received client indexed reply 11 of type net.minecraftforge.network.HandshakeMessages$C2SAcknowledge
[05Oct2025 14:23:00.567] [Netty Epoll Server IO #2/DEBUG] [net.minecraftforge.network.HandshakeHandler/FMLHANDSHAKE]: Received acknowledgement from client
[05Oct2025 14:23:00.573] [Server thread/DEBUG] [net.minecraftforge.network.HandshakeHandler/FMLHANDSHAKE]: Sending ticking packet info 'Registry forge:entity_data_serializers' to 'fml:handshake' sequence 14
[05Oct2025 14:23:00.615] [Netty Epoll Server IO #2/DEBUG] [net.minecraftforge.network.LoginWrapper/FMLHANDSHAKE]: Recieved login wrapper packet event for channel fml:handshake with index 12
[05Oct2025 14:23:00.615] [Netty Epoll Server IO #2/DEBUG] [net.minecraftforge.network.HandshakeHandler/FMLHANDSHAKE]: Received client indexed reply 12 of type net.minecraftforge.network.HandshakeMessages$C2SAcknowledge
[05Oct2025 14:23:00.615] [Netty Epoll Server IO #2/DEBUG] [net.minecraftforge.network.HandshakeHandler/FMLHANDSHAKE]: Received acknowledgement from client
[05Oct2025 14:23:00.623] [Server thread/DEBUG] [net.minecraftforge.network.HandshakeHandler/FMLHANDSHAKE]: Sending ticking packet info 'Registry minecraft:mob_effect' to 'fml:handshake' sequence 15
[05Oct2025 14:23:00.673] [Server thread/DEBUG] [net.minecraftforge.network.HandshakeHandler/FMLHANDSHAKE]: Sending ticking packet info 'Registry minecraft:stat_type' to 'fml:handshake' sequence 16
[05Oct2025 14:23:00.685] [Netty Epoll Server IO #2/DEBUG] [net.minecraftforge.network.LoginWrapper/FMLHANDSHAKE]: Recieved login wrapper packet event for channel fml:handshake with index 13
[05Oct2025 14:23:00.685] [Netty Epoll Server IO #2/DEBUG] [net.minecraftforge.network.HandshakeHandler/FMLHANDSHAKE]: Received client indexed reply 13 of type net.minecraftforge.network.HandshakeMessages$C2SAcknowledge
[05Oct2025 14:23:00.685] [Netty Epoll Server IO #2/DEBUG] [net.minecraftforge.network.HandshakeHandler/FMLHANDSHAKE]: Received acknowledgement from client
[05Oct2025 14:23:00.714] [Netty Epoll Server IO #2/DEBUG] [net.minecraftforge.network.LoginWrapper/FMLHANDSHAKE]: Recieved login wrapper packet event for channel fml:handshake with index 14
[05Oct2025 14:23:00.714] [Netty Epoll Server IO #2/DEBUG] [net.minecraftforge.network.HandshakeHandler/FMLHANDSHAKE]: Received client indexed reply 14 of type net.minecraftforge.network.HandshakeMessages$C2SAcknowledge
[05Oct2025 14:23:00.714] [Netty Epoll Server IO #2/DEBUG] [net.minecraftforge.network.HandshakeHandler/FMLHANDSHAKE]: Received acknowledgement from client
[05Oct2025 14:23:00.723] [Server thread/DEBUG] [net.minecraftforge.network.HandshakeHandler/FMLHANDSHAKE]: Sending ticking packet info 'Registry minecraft:menu' to 'fml:handshake' sequence 17
[05Oct2025 14:23:00.764] [Netty Epoll Server IO #2/DEBUG] [net.minecraftforge.network.LoginWrapper/FMLHANDSHAKE]: Recieved login wrapper packet event for channel fml:handshake with index 15
[05Oct2025 14:23:00.764] [Netty Epoll Server IO #2/DEBUG] [net.minecraftforge.network.HandshakeHandler/FMLHANDSHAKE]: Received client indexed reply 15 of type net.minecraftforge.network.HandshakeMessages$C2SAcknowledge
[05Oct2025 14:23:00.764] [Netty Epoll Server IO #2/DEBUG] [net.minecraftforge.network.HandshakeHandler/FMLHANDSHAKE]: Received acknowledgement from client
[05Oct2025 14:23:00.773] [Server thread/DEBUG] [net.minecraftforge.network.HandshakeHandler/FMLHANDSHAKE]: Sending ticking packet info 'Registry minecraft:enchantment' to 'fml:handshake' sequence 18
[05Oct2025 14:23:00.817] [Netty Epoll Server IO #2/DEBUG] [net.minecraftforge.network.LoginWrapper/FMLHANDSHAKE]: Recieved login wrapper packet event for channel fml:handshake with index 16
[05Oct2025 14:23:00.817] [Netty Epoll Server IO #2/DEBUG] [net.minecraftforge.network.HandshakeHandler/FMLHANDSHAKE]: Received client indexed reply 16 of type net.minecraftforge.network.HandshakeMessages$C2SAcknowledge
[05Oct2025 14:23:00.817] [Netty Epoll Server IO #2/DEBUG] [net.minecraftforge.network.HandshakeHandler/FMLHANDSHAKE]: Received acknowledgement from client
[05Oct2025 14:23:00.823] [Server thread/DEBUG] [net.minecraftforge.network.HandshakeHandler/FMLHANDSHAKE]: Sending ticking packet info 'Registry minecraft:fluid' to 'fml:handshake' sequence 19
[05Oct2025 14:23:00.864] [Netty Epoll Server IO #2/DEBUG] [net.minecraftforge.network.LoginWrapper/FMLHANDSHAKE]: Recieved login wrapper packet event for channel fml:handshake with index 17
[05Oct2025 14:23:00.864] [Netty Epoll Server IO #2/DEBUG] [net.minecraftforge.network.HandshakeHandler/FMLHANDSHAKE]: Received client indexed reply 17 of type net.minecraftforge.network.HandshakeMessages$C2SAcknowledge
[05Oct2025 14:23:00.864] [Netty Epoll Server IO #2/DEBUG] [net.minecraftforge.network.HandshakeHandler/FMLHANDSHAKE]: Received acknowledgement from client
[05Oct2025 14:23:00.873] [Server thread/DEBUG] [net.minecraftforge.network.HandshakeHandler/FMLHANDSHAKE]: Sending ticking packet info 'Registry minecraft:entity_type' to 'fml:handshake' sequence 20
[05Oct2025 14:23:00.914] [Netty Epoll Server IO #2/DEBUG] [net.minecraftforge.network.LoginWrapper/FMLHANDSHAKE]: Recieved login wrapper packet event for channel fml:handshake with index 18
[05Oct2025 14:23:00.915] [Netty Epoll Server IO #2/DEBUG] [net.minecraftforge.network.HandshakeHandler/FMLHANDSHAKE]: Received client indexed reply 18 of type net.minecraftforge.network.HandshakeMessages$C2SAcknowledge
[05Oct2025 14:23:00.915] [Netty Epoll Server IO #2/DEBUG] [net.minecraftforge.network.HandshakeHandler/FMLHANDSHAKE]: Received acknowledgement from client
[05Oct2025 14:23:00.923] [Server thread/DEBUG] [net.minecraftforge.network.HandshakeHandler/FMLHANDSHAKE]: Sending ticking packet info 'Config forge-server.toml' to 'fml:handshake' sequence 21
[05Oct2025 14:23:00.966] [Netty Epoll Server IO #2/DEBUG] [net.minecraftforge.network.LoginWrapper/FMLHANDSHAKE]: Recieved login wrapper packet event for channel fml:handshake with index 19
[05Oct2025 14:23:00.966] [Netty Epoll Server IO #2/DEBUG] [net.minecraftforge.network.HandshakeHandler/FMLHANDSHAKE]: Received client indexed reply 19 of type net.minecraftforge.network.HandshakeMessages$C2SAcknowledge
[05Oct2025 14:23:00.966] [Netty Epoll Server IO #2/DEBUG] [net.minecraftforge.network.HandshakeHandler/FMLHANDSHAKE]: Received acknowledgement from client
[05Oct2025 14:23:01.590] [Netty Epoll Server IO #2/DEBUG] [net.minecraftforge.network.LoginWrapper/FMLHANDSHAKE]: Recieved login wrapper packet event for channel fml:handshake with index 20
[05Oct2025 14:23:01.590] [Netty Epoll Server IO #2/DEBUG] [net.minecraftforge.network.HandshakeHandler/FMLHANDSHAKE]: Received client indexed reply 20 of type net.minecraftforge.network.HandshakeMessages$C2SAcknowledge
[05Oct2025 14:23:01.590] [Netty Epoll Server IO #2/DEBUG] [net.minecraftforge.network.HandshakeHandler/FMLHANDSHAKE]: Received acknowledgement from client
[05Oct2025 14:23:01.593] [Netty Epoll Server IO #2/DEBUG] [net.minecraftforge.network.LoginWrapper/FMLHANDSHAKE]: Recieved login wrapper packet event for channel fml:handshake with index 21
[05Oct2025 14:23:01.593] [Netty Epoll Server IO #2/DEBUG] [net.minecraftforge.network.HandshakeHandler/FMLHANDSHAKE]: Received client indexed reply 21 of type net.minecraftforge.network.HandshakeMessages$C2SAcknowledge
[05Oct2025 14:23:01.593] [Netty Epoll Server IO #2/DEBUG] [net.minecraftforge.network.HandshakeHandler/FMLHANDSHAKE]: Received acknowledgement from client
[05Oct2025 14:23:01.623] [Server thread/DEBUG] [net.minecraftforge.network.HandshakeHandler/FMLHANDSHAKE]: Handshake complete!
[05Oct2025 14:23:01.695] [Netty Epoll Server IO #3/DEBUG] [net.minecraftforge.network.HandshakeHandler/FMLHANDSHAKE]: Starting new modded impl connection. Found 22 messages to dispatch.
[05Oct2025 14:23:01.699] [Server thread/WARN] [net.minecraft.stats.ServerStatsCounter/]: Invalid statistic in ./world/stats/e7831d85-0e07-3f61-b3ca-c38af905ef19.json: Don't know what minecraft:leaf_litter is
[05Oct2025 14:23:01.699] [Server thread/WARN] [net.minecraft.stats.ServerStatsCounter/]: Invalid statistic in ./world/stats/e7831d85-0e07-3f61-b3ca-c38af905ef19.json: Don't know what minecraft:leaf_litter is
[05Oct2025 14:23:01.700] [Server thread/WARN] [net.minecraft.stats.ServerStatsCounter/]: Invalid statistic in ./world/stats/e7831d85-0e07-3f61-b3ca-c38af905ef19.json: Don't know what minecraft:leaf_litter is
[05Oct2025 14:23:01.701] [Server thread/WARN] [net.minecraft.stats.ServerStatsCounter/]: Invalid statistic in ./world/stats/e7831d85-0e07-3f61-b3ca-c38af905ef19.json: Don't know what minecraft:short_grass is
[05Oct2025 14:23:01.730] [Server thread/WARN] [net.minecraft.server.PlayerAdvancements/]: Ignored advancement 'minecraft:recipes/transportation/pale_oak_boat' in progress file ./world/advancements/e7831d85-0e07-3f61-b3ca-c38af905ef19.json - it doesn't exist anymore?
[05Oct2025 14:23:01.731] [Server thread/WARN] [net.minecraft.server.PlayerAdvancements/]: Ignored advancement 'minecraft:recipes/redstone/copper_door' in progress file ./world/advancements/e7831d85-0e07-3f61-b3ca-c38af905ef19.json - it doesn't exist anymore?
[05Oct2025 14:23:01.731] [Server thread/WARN] [net.minecraft.server.PlayerAdvancements/]: Ignored advancement 'minecraft:recipes/redstone/copper_trapdoor' in progress file ./world/advancements/e7831d85-0e07-3f61-b3ca-c38af905ef19.json - it doesn't exist anymore?
[05Oct2025 14:23:01.732] [Server thread/WARN] [net.minecraft.server.PlayerAdvancements/]: Ignored advancement 'minecraft:recipes/building_blocks/chiseled_tuff_bricks_from_tuff_stonecutting' in progress file ./world/advancements/e7831d85-0e07-3f61-b3ca-c38af905ef19.json - it doesn't exist anymore?
[05Oct2025 14:23:01.732] [Server thread/WARN] [net.minecraft.server.PlayerAdvancements/]: Ignored advancement 'minecraft:recipes/building_blocks/tuff_bricks_from_tuff_stonecutting' in progress file ./world/advancements/e7831d85-0e07-3f61-b3ca-c38af905ef19.json - it doesn't exist anymore?
[05Oct2025 14:23:01.732] [Server thread/WARN] [net.minecraft.server.PlayerAdvancements/]: Ignored advancement 'minecraft:recipes/building_blocks/tuff_slab' in progress file ./world/advancements/e7831d85-0e07-3f61-b3ca-c38af905ef19.json - it doesn't exist anymore?
[05Oct2025 14:23:01.732] [Server thread/WARN] [net.minecraft.server.PlayerAdvancements/]: Ignored advancement 'minecraft:recipes/building_blocks/tuff_brick_slab_from_tuff_stonecutting' in progress file ./world/advancements/e7831d85-0e07-3f61-b3ca-c38af905ef19.json - it doesn't exist anymore?
[05Oct2025 14:23:01.732] [Server thread/WARN] [net.minecraft.server.PlayerAdvancements/]: Ignored advancement 'minecraft:recipes/decorations/polished_tuff_wall_from_tuff_stonecutting' in progress file ./world/advancements/e7831d85-0e07-3f61-b3ca-c38af905ef19.json - it doesn't exist anymore?
[05Oct2025 14:23:01.733] [Server thread/WARN] [net.minecraft.server.PlayerAdvancements/]: Ignored advancement 'minecraft:recipes/decorations/tuff_wall' in progress file ./world/advancements/e7831d85-0e07-3f61-b3ca-c38af905ef19.json - it doesn't exist anymore?
[05Oct2025 14:23:01.733] [Server thread/WARN] [net.minecraft.server.PlayerAdvancements/]: Ignored advancement 'minecraft:recipes/building_blocks/polished_tuff_slab_from_tuff_stonecutting' in progress file ./world/advancements/e7831d85-0e07-3f61-b3ca-c38af905ef19.json - it doesn't exist anymore?
[05Oct2025 14:23:01.733] [Server thread/WARN] [net.minecraft.server.PlayerAdvancements/]: Ignored advancement 'minecraft:recipes/decorations/tuff_wall_from_tuff_stonecutting' in progress file ./world/advancements/e7831d85-0e07-3f61-b3ca-c38af905ef19.json - it doesn't exist anymore?
[05Oct2025 14:23:01.733] [Server thread/WARN] [net.minecraft.server.PlayerAdvancements/]: Ignored advancement 'minecraft:recipes/building_blocks/tuff_stairs' in progress file ./world/advancements/e7831d85-0e07-3f61-b3ca-c38af905ef19.json - it doesn't exist anymore?
[05Oct2025 14:23:01.733] [Server thread/WARN] [net.minecraft.server.PlayerAdvancements/]: Ignored advancement 'minecraft:recipes/decorations/tuff_brick_wall_from_tuff_stonecutting' in progress file ./world/advancements/e7831d85-0e07-3f61-b3ca-c38af905ef19.json - it doesn't exist anymore?
[05Oct2025 14:23:01.733] [Server thread/WARN] [net.minecraft.server.PlayerAdvancements/]: Ignored advancement 'minecraft:recipes/building_blocks/chiseled_tuff_from_tuff_stonecutting' in progress file ./world/advancements/e7831d85-0e07-3f61-b3ca-c38af905ef19.json - it doesn't exist anymore?
[05Oct2025 14:23:01.733] [Server thread/WARN] [net.minecraft.server.PlayerAdvancements/]: Ignored advancement 'minecraft:recipes/building_blocks/polished_tuff_stairs_from_tuff_stonecutting' in progress file ./world/advancements/e7831d85-0e07-3f61-b3ca-c38af905ef19.json - it doesn't exist anymore?
[05Oct2025 14:23:01.734] [Server thread/WARN] [net.minecraft.server.PlayerAdvancements/]: Ignored advancement 'minecraft:recipes/building_blocks/tuff_stairs_from_tuff_stonecutting' in progress file ./world/advancements/e7831d85-0e07-3f61-b3ca-c38af905ef19.json - it doesn't exist anymore?
[05Oct2025 14:23:01.734] [Server thread/WARN] [net.minecraft.server.PlayerAdvancements/]: Ignored advancement 'minecraft:recipes/building_blocks/tuff_brick_stairs_from_tuff_stonecutting' in progress file ./world/advancements/e7831d85-0e07-3f61-b3ca-c38af905ef19.json - it doesn't exist anymore?
[05Oct2025 14:23:01.734] [Server thread/WARN] [net.minecraft.server.PlayerAdvancements/]: Ignored advancement 'minecraft:recipes/building_blocks/polished_tuff' in progress file ./world/advancements/e7831d85-0e07-3f61-b3ca-c38af905ef19.json - it doesn't exist anymore?
[05Oct2025 14:23:01.734] [Server thread/WARN] [net.minecraft.server.PlayerAdvancements/]: Ignored advancement 'minecraft:recipes/building_blocks/tuff_slab_from_tuff_stonecutting' in progress file ./world/advancements/e7831d85-0e07-3f61-b3ca-c38af905ef19.json - it doesn't exist anymore?
[05Oct2025 14:23:01.734] [Server thread/WARN] [net.minecraft.server.PlayerAdvancements/]: Ignored advancement 'minecraft:recipes/building_blocks/polished_tuff_from_tuff_stonecutting' in progress file ./world/advancements/e7831d85-0e07-3f61-b3ca-c38af905ef19.json - it doesn't exist anymore?
[05Oct2025 14:23:01.772] [Server thread/ERROR] [net.minecraft.stats.ServerRecipeBook/]: Tried to load unrecognized recipe: minecraft:tuff_slab removed now.
[05Oct2025 14:23:01.773] [Server thread/ERROR] [net.minecraft.stats.ServerRecipeBook/]: Tried to load unrecognized recipe: minecraft:tuff_wall removed now.
[05Oct2025 14:23:01.773] [Server thread/ERROR] [net.minecraft.stats.ServerRecipeBook/]: Tried to load unrecognized recipe: minecraft:chiseled_tuff_bricks_from_tuff_stonecutting removed now.
[05Oct2025 14:23:01.773] [Server thread/ERROR] [net.minecraft.stats.ServerRecipeBook/]: Tried to load unrecognized recipe: minecraft:polished_tuff_wall_from_tuff_stonecutting removed now.
[05Oct2025 14:23:01.773] [Server thread/ERROR] [net.minecraft.stats.ServerRecipeBook/]: Tried to load unrecognized recipe: minecraft:polished_tuff_from_tuff_stonecutting removed now.
[05Oct2025 14:23:01.774] [Server thread/ERROR] [net.minecraft.stats.ServerRecipeBook/]: Tried to load unrecognized recipe: minecraft:tuff_brick_stairs_from_tuff_stonecutting removed now.
[05Oct2025 14:23:01.774] [Server thread/ERROR] [net.minecraft.stats.ServerRecipeBook/]: Tried to load unrecognized recipe: minecraft:tuff_brick_slab_from_tuff_stonecutting removed now.
[05Oct2025 14:23:01.774] [Server thread/ERROR] [net.minecraft.stats.ServerRecipeBook/]: Tried to load unrecognized recipe: minecraft:chiseled_tuff_from_tuff_stonecutting removed now.
[05Oct2025 14:23:01.774] [Server thread/ERROR] [net.minecraft.stats.ServerRecipeBook/]: Tried to load unrecognized recipe: minecraft:copper_door removed now.
[05Oct2025 14:23:01.774] [Server thread/ERROR] [net.minecraft.stats.ServerRecipeBook/]: Tried to load unrecognized recipe: minecraft:polished_tuff removed now.
[05Oct2025 14:23:01.774] [Server thread/ERROR] [net.minecraft.stats.ServerRecipeBook/]: Tried to load unrecognized recipe: minecraft:copper_trapdoor removed now.
[05Oct2025 14:23:01.774] [Server thread/ERROR] [net.minecraft.stats.ServerRecipeBook/]: Tried to load unrecognized recipe: minecraft:polished_tuff_slab_from_tuff_stonecutting removed now.
[05Oct2025 14:23:01.775] [Server thread/ERROR] [net.minecraft.stats.ServerRecipeBook/]: Tried to load unrecognized recipe: minecraft:tuff_bricks_from_tuff_stonecutting removed now.
[05Oct2025 14:23:01.775] [Server thread/ERROR] [net.minecraft.stats.ServerRecipeBook/]: Tried to load unrecognized recipe: minecraft:tuff_wall_from_tuff_stonecutting removed now.
[05Oct2025 14:23:01.775] [Server thread/ERROR] [net.minecraft.stats.ServerRecipeBook/]: Tried to load unrecognized recipe: minecraft:tuff_slab_from_tuff_stonecutting removed now.
[05Oct2025 14:23:01.775] [Server thread/ERROR] [net.minecraft.stats.ServerRecipeBook/]: Tried to load unrecognized recipe: minecraft:polished_tuff_stairs_from_tuff_stonecutting removed now.
[05Oct2025 14:23:01.775] [Server thread/ERROR] [net.minecraft.stats.ServerRecipeBook/]: Tried to load unrecognized recipe: minecraft:tuff_brick_wall_from_tuff_stonecutting removed now.
[05Oct2025 14:23:01.775] [Server thread/ERROR] [net.minecraft.stats.ServerRecipeBook/]: Tried to load unrecognized recipe: minecraft:pale_oak_boat removed now.
[05Oct2025 14:23:01.776] [Server thread/ERROR] [net.minecraft.stats.ServerRecipeBook/]: Tried to load unrecognized recipe: minecraft:tuff_stairs removed now.
[05Oct2025 14:23:01.776] [Server thread/ERROR] [net.minecraft.stats.ServerRecipeBook/]: Tried to load unrecognized recipe: minecraft:tuff_stairs_from_tuff_stonecutting removed now.
[05Oct2025 14:23:01.777] [Server thread/ERROR] [net.minecraft.stats.ServerRecipeBook/]: Tried to load unrecognized recipe: minecraft:tuff_wall removed now.
[05Oct2025 14:23:01.779] [Server thread/ERROR] [net.minecraft.stats.ServerRecipeBook/]: Tried to load unrecognized recipe: minecraft:polished_tuff_stairs_from_tuff_stonecutting removed now.
[05Oct2025 14:23:01.779] [Server thread/ERROR] [net.minecraft.stats.ServerRecipeBook/]: Tried to load unrecognized recipe: minecraft:chiseled_tuff_bricks_from_tuff_stonecutting removed now.
[05Oct2025 14:23:01.780] [Server thread/ERROR] [net.minecraft.stats.ServerRecipeBook/]: Tried to load unrecognized recipe: minecraft:tuff_brick_wall_from_tuff_stonecutting removed now.
[05Oct2025 14:23:01.781] [Server thread/ERROR] [net.minecraft.stats.ServerRecipeBook/]: Tried to load unrecognized recipe: minecraft:polished_tuff_wall_from_tuff_stonecutting removed now.
[05Oct2025 14:23:01.781] [Server thread/ERROR] [net.minecraft.stats.ServerRecipeBook/]: Tried to load unrecognized recipe: minecraft:polished_tuff_from_tuff_stonecutting removed now.
[05Oct2025 14:23:01.782] [Server thread/ERROR] [net.minecraft.stats.ServerRecipeBook/]: Tried to load unrecognized recipe: minecraft:tuff_brick_slab_from_tuff_stonecutting removed now.
[05Oct2025 14:23:01.782] [Server thread/ERROR] [net.minecraft.stats.ServerRecipeBook/]: Tried to load unrecognized recipe: minecraft:tuff_brick_stairs_from_tuff_stonecutting removed now.
[05Oct2025 14:23:01.783] [Server thread/ERROR] [net.minecraft.stats.ServerRecipeBook/]: Tried to load unrecognized recipe: minecraft:tuff_stairs_from_tuff_stonecutting removed now.
[05Oct2025 14:23:01.784] [Server thread/ERROR] [net.minecraft.stats.ServerRecipeBook/]: Tried to load unrecognized recipe: minecraft:chiseled_tuff_from_tuff_stonecutting removed now.
[05Oct2025 14:23:01.785] [Server thread/ERROR] [net.minecraft.stats.ServerRecipeBook/]: Tried to load unrecognized recipe: minecraft:polished_tuff_slab_from_tuff_stonecutting removed now.
[05Oct2025 14:23:01.785] [Server thread/ERROR] [net.minecraft.stats.ServerRecipeBook/]: Tried to load unrecognized recipe: minecraft:tuff_bricks_from_tuff_stonecutting removed now.
[05Oct2025 14:23:01.786] [Server thread/ERROR] [net.minecraft.stats.ServerRecipeBook/]: Tried to load unrecognized recipe: minecraft:tuff_wall_from_tuff_stonecutting removed now.
[05Oct2025 14:23:01.787] [Server thread/ERROR] [net.minecraft.stats.ServerRecipeBook/]: Tried to load unrecognized recipe: minecraft:tuff_slab_from_tuff_stonecutting removed now.
[05Oct2025 14:23:01.790] [Server thread/INFO] [net.minecraft.server.players.PlayerList/]: manuelreyes89[/127.161.138.45:49373] logged in with entity id 125 at (-60.5, 88.0, 92.5)
[05Oct2025 14:23:01.803] [Server thread/DEBUG] [net.minecraftforge.network.filters.NetworkFilters/]: Injected net.minecraftforge.network.filters.ForgeConnectionNetworkFilter@56a6d1af into net.minecraft.network.Connection@502c0824
[05Oct2025 14:23:01.830] [Server thread/INFO] [net.minecraft.server.MinecraftServer/]: manuelreyes89 joined the game
[05Oct2025 14:23:01.965] [Server thread/DEBUG] [net.minecraftforge.network.HandshakeHandler/FMLHANDSHAKE]: Sending ticking packet info 'net.minecraftforge.network.HandshakeMessages$S2CModData' to 'fml:handshake' sequence 0
[05Oct2025 14:23:02.014] [Server thread/DEBUG] [io.netty.util.internal.ThreadLocalRandom/]: -Dio.netty.initialSeedUniquifier: 0x0157afd3e15bd814
[05Oct2025 14:23:02.045] [Server thread/DEBUG] [net.minecraftforge.network.HandshakeHandler/FMLHANDSHAKE]: Sending ticking packet info 'net.minecraftforge.network.HandshakeMessages$S2CModList' to 'fml:handshake' sequence 1
[05Oct2025 14:23:02.076] [Server thread/DEBUG] [net.minecraftforge.network.HandshakeHandler/FMLHANDSHAKE]: Sending ticking packet info 'Registry minecraft:command_argument_type' to 'fml:handshake' sequence 2
[05Oct2025 14:23:02.099] [Server thread/DEBUG] [net.minecraftforge.network.HandshakeHandler/FMLHANDSHAKE]: Sending ticking packet info 'Registry minecraft:recipe_serializer' to 'fml:handshake' sequence 3
[05Oct2025 14:23:02.114] [Server thread/DEBUG] [net.minecraftforge.network.HandshakeHandler/FMLHANDSHAKE]: Sending ticking packet info 'Registry minecraft:sound_event' to 'fml:handshake' sequence 4
[05Oct2025 14:23:02.142] [Server thread/DEBUG] [net.minecraftforge.network.HandshakeHandler/FMLHANDSHAKE]: Sending ticking packet info 'Registry minecraft:particle_type' to 'fml:handshake' sequence 5
[05Oct2025 14:23:02.156] [Server thread/DEBUG] [net.minecraftforge.network.HandshakeHandler/FMLHANDSHAKE]: Sending ticking packet info 'Registry minecraft:villager_profession' to 'fml:handshake' sequence 6
[05Oct2025 14:23:02.163] [Netty Epoll Server IO #3/DEBUG] [net.minecraftforge.network.LoginWrapper/FMLHANDSHAKE]: Recieved login wrapper packet event for channel fml:handshake with index 1
[05Oct2025 14:23:02.163] [Netty Epoll Server IO #3/DEBUG] [net.minecraftforge.network.HandshakeHandler/FMLHANDSHAKE]: Received client indexed reply 1 of type net.minecraftforge.network.HandshakeMessages$C2SModListReply
[05Oct2025 14:23:02.163] [Netty Epoll Server IO #3/DEBUG] [net.minecraftforge.network.HandshakeHandler/FMLHANDSHAKE]: Received client connection with modlist [minecraft, orbital_railgun, forge, geckolib]
[05Oct2025 14:23:02.163] [Netty Epoll Server IO #3/DEBUG] [net.minecraftforge.network.NetworkRegistry/NETREGISTRY]: Channel 'orbital_railgun:main' : Version test of '1' from client : ACCEPTED
[05Oct2025 14:23:02.163] [Netty Epoll Server IO #3/DEBUG] [net.minecraftforge.network.NetworkRegistry/NETREGISTRY]: Channel 'fml:loginwrapper' : Version test of 'FML3' from client : ACCEPTED
[05Oct2025 14:23:02.163] [Netty Epoll Server IO #3/DEBUG] [net.minecraftforge.network.NetworkRegistry/NETREGISTRY]: Channel 'forge:tier_sorting' : Version test of '1.0' from client : ACCEPTED
[05Oct2025 14:23:02.163] [Netty Epoll Server IO #3/DEBUG] [net.minecraftforge.network.NetworkRegistry/NETREGISTRY]: Channel 'fml:handshake' : Version test of 'FML3' from client : ACCEPTED
[05Oct2025 14:23:02.163] [Netty Epoll Server IO #3/DEBUG] [net.minecraftforge.network.NetworkRegistry/NETREGISTRY]: Channel 'minecraft:unregister' : Version test of 'FML3' from client : ACCEPTED
[05Oct2025 14:23:02.163] [Netty Epoll Server IO #3/DEBUG] [net.minecraftforge.network.NetworkRegistry/NETREGISTRY]: Channel 'fml:play' : Version test of 'FML3' from client : ACCEPTED
[05Oct2025 14:23:02.163] [Netty Epoll Server IO #3/DEBUG] [net.minecraftforge.network.NetworkRegistry/NETREGISTRY]: Channel 'minecraft:register' : Version test of 'FML3' from client : ACCEPTED
[05Oct2025 14:23:02.163] [Netty Epoll Server IO #3/DEBUG] [net.minecraftforge.network.NetworkRegistry/NETREGISTRY]: Channel 'forge:split' : Version test of '1.1' from client : ACCEPTED
[05Oct2025 14:23:02.163] [Netty Epoll Server IO #3/DEBUG] [net.minecraftforge.network.NetworkRegistry/NETREGISTRY]: Channel 'geckolib:main' : Version test of '1' from client : ACCEPTED
[05Oct2025 14:23:02.163] [Netty Epoll Server IO #3/DEBUG] [net.minecraftforge.network.NetworkRegistry/NETREGISTRY]: Accepting channel list from client
[05Oct2025 14:23:02.164] [Netty Epoll Server IO #3/DEBUG] [net.minecraftforge.network.HandshakeHandler/FMLHANDSHAKE]: Accepted client connection mod list
[05Oct2025 14:23:02.165] [Server thread/DEBUG] [net.minecraftforge.network.HandshakeHandler/FMLHANDSHAKE]: Sending ticking packet info 'Registry minecraft:item' to 'fml:handshake' sequence 7
[05Oct2025 14:23:02.178] [Server thread/DEBUG] [net.minecraftforge.network.HandshakeHandler/FMLHANDSHAKE]: Sending ticking packet info 'Registry minecraft:potion' to 'fml:handshake' sequence 8
[05Oct2025 14:23:02.192] [Server thread/DEBUG] [net.minecraftforge.network.HandshakeHandler/FMLHANDSHAKE]: Sending ticking packet info 'Registry minecraft:painting_variant' to 'fml:handshake' sequence 9
[05Oct2025 14:23:02.196] [Netty Epoll Server IO #3/DEBUG] [net.minecraftforge.network.LoginWrapper/FMLHANDSHAKE]: Recieved login wrapper packet event for channel fml:handshake with index 2
[05Oct2025 14:23:02.196] [Netty Epoll Server IO #3/DEBUG] [net.minecraftforge.network.HandshakeHandler/FMLHANDSHAKE]: Received client indexed reply 2 of type net.minecraftforge.network.HandshakeMessages$C2SAcknowledge
[05Oct2025 14:23:02.196] [Netty Epoll Server IO #3/DEBUG] [net.minecraftforge.network.HandshakeHandler/FMLHANDSHAKE]: Received acknowledgement from client
[05Oct2025 14:23:02.204] [Server thread/DEBUG] [net.minecraftforge.network.HandshakeHandler/FMLHANDSHAKE]: Sending ticking packet info 'Registry forge:fluid_type' to 'fml:handshake' sequence 10
[05Oct2025 14:23:02.206] [Netty Epoll Server IO #3/DEBUG] [net.minecraftforge.network.LoginWrapper/FMLHANDSHAKE]: Recieved login wrapper packet event for channel fml:handshake with index 3
[05Oct2025 14:23:02.207] [Netty Epoll Server IO #3/DEBUG] [net.minecraftforge.network.HandshakeHandler/FMLHANDSHAKE]: Received client indexed reply 3 of type net.minecraftforge.network.HandshakeMessages$C2SAcknowledge
[05Oct2025 14:23:02.207] [Netty Epoll Server IO #3/DEBUG] [net.minecraftforge.network.HandshakeHandler/FMLHANDSHAKE]: Received acknowledgement from client
[05Oct2025 14:23:02.289] [Server thread/DEBUG] [net.minecraftforge.network.HandshakeHandler/FMLHANDSHAKE]: Sending ticking packet info 'Registry minecraft:block_entity_type' to 'fml:handshake' sequence 11
[05Oct2025 14:23:02.353] [Server thread/DEBUG] [net.minecraftforge.network.HandshakeHandler/FMLHANDSHAKE]: Sending ticking packet info 'Registry forge:display_contexts' to 'fml:handshake' sequence 12
[05Oct2025 14:23:02.389] [Server thread/DEBUG] [net.minecraftforge.network.HandshakeHandler/FMLHANDSHAKE]: Sending ticking packet info 'Registry minecraft:block' to 'fml:handshake' sequence 13
[05Oct2025 14:23:02.454] [Server thread/DEBUG] [net.minecraftforge.network.HandshakeHandler/FMLHANDSHAKE]: Sending ticking packet info 'Registry forge:entity_data_serializers' to 'fml:handshake' sequence 14
[05Oct2025 14:23:02.457] [Netty Epoll Server IO #3/DEBUG] [net.minecraftforge.network.LoginWrapper/FMLHANDSHAKE]: Recieved login wrapper packet event for channel fml:handshake with index 4
[05Oct2025 14:23:02.457] [Netty Epoll Server IO #3/DEBUG] [net.minecraftforge.network.HandshakeHandler/FMLHANDSHAKE]: Received client indexed reply 4 of type net.minecraftforge.network.HandshakeMessages$C2SAcknowledge
[05Oct2025 14:23:02.457] [Netty Epoll Server IO #3/DEBUG] [net.minecraftforge.network.HandshakeHandler/FMLHANDSHAKE]: Received acknowledgement from client
[05Oct2025 14:23:02.457] [Netty Epoll Server IO #3/DEBUG] [net.minecraftforge.network.LoginWrapper/FMLHANDSHAKE]: Recieved login wrapper packet event for channel fml:handshake with index 5
[05Oct2025 14:23:02.457] [Netty Epoll Server IO #3/DEBUG] [net.minecraftforge.network.HandshakeHandler/FMLHANDSHAKE]: Received client indexed reply 5 of type net.minecraftforge.network.HandshakeMessages$C2SAcknowledge
[05Oct2025 14:23:02.457] [Netty Epoll Server IO #3/DEBUG] [net.minecraftforge.network.HandshakeHandler/FMLHANDSHAKE]: Received acknowledgement from client
[05Oct2025 14:23:02.457] [Netty Epoll Server IO #3/DEBUG] [net.minecraftforge.network.LoginWrapper/FMLHANDSHAKE]: Recieved login wrapper packet event for channel fml:handshake with index 6
[05Oct2025 14:23:02.457] [Netty Epoll Server IO #3/DEBUG] [net.minecraftforge.network.HandshakeHandler/FMLHANDSHAKE]: Received client indexed reply 6 of type net.minecraftforge.network.HandshakeMessages$C2SAcknowledge
[05Oct2025 14:23:02.457] [Netty Epoll Server IO #3/DEBUG] [net.minecraftforge.network.HandshakeHandler/FMLHANDSHAKE]: Received acknowledgement from client
[05Oct2025 14:23:02.467] [Netty Epoll Server IO #3/DEBUG] [net.minecraftforge.network.LoginWrapper/FMLHANDSHAKE]: Recieved login wrapper packet event for channel fml:handshake with index 7
[05Oct2025 14:23:02.468] [Netty Epoll Server IO #3/DEBUG] [net.minecraftforge.network.HandshakeHandler/FMLHANDSHAKE]: Received client indexed reply 7 of type net.minecraftforge.network.HandshakeMessages$C2SAcknowledge
[05Oct2025 14:23:02.468] [Netty Epoll Server IO #3/DEBUG] [net.minecraftforge.network.HandshakeHandler/FMLHANDSHAKE]: Received acknowledgement from client
[05Oct2025 14:23:02.468] [Netty Epoll Server IO #3/DEBUG] [net.minecraftforge.network.LoginWrapper/FMLHANDSHAKE]: Recieved login wrapper packet event for channel fml:handshake with index 8
[05Oct2025 14:23:02.468] [Netty Epoll Server IO #3/DEBUG] [net.minecraftforge.network.HandshakeHandler/FMLHANDSHAKE]: Received client indexed reply 8 of type net.minecraftforge.network.HandshakeMessages$C2SAcknowledge
[05Oct2025 14:23:02.468] [Netty Epoll Server IO #3/DEBUG] [net.minecraftforge.network.HandshakeHandler/FMLHANDSHAKE]: Received acknowledgement from client
[05Oct2025 14:23:02.468] [Netty Epoll Server IO #3/DEBUG] [net.minecraftforge.network.LoginWrapper/FMLHANDSHAKE]: Recieved login wrapper packet event for channel fml:handshake with index 9
[05Oct2025 14:23:02.468] [Netty Epoll Server IO #3/DEBUG] [net.minecraftforge.network.HandshakeHandler/FMLHANDSHAKE]: Received client indexed reply 9 of type net.minecraftforge.network.HandshakeMessages$C2SAcknowledge
[05Oct2025 14:23:02.468] [Netty Epoll Server IO #3/DEBUG] [net.minecraftforge.network.HandshakeHandler/FMLHANDSHAKE]: Received acknowledgement from client
[05Oct2025 14:23:02.469] [Netty Epoll Server IO #3/DEBUG] [net.minecraftforge.network.LoginWrapper/FMLHANDSHAKE]: Recieved login wrapper packet event for channel fml:handshake with index 10
[05Oct2025 14:23:02.469] [Netty Epoll Server IO #3/DEBUG] [net.minecraftforge.network.HandshakeHandler/FMLHANDSHAKE]: Received client indexed reply 10 of type net.minecraftforge.network.HandshakeMessages$C2SAcknowledge
[05Oct2025 14:23:02.469] [Netty Epoll Server IO #3/DEBUG] [net.minecraftforge.network.HandshakeHandler/FMLHANDSHAKE]: Received acknowledgement from client
[05Oct2025 14:23:02.469] [Netty Epoll Server IO #3/DEBUG] [net.minecraftforge.network.LoginWrapper/FMLHANDSHAKE]: Recieved login wrapper packet event for channel fml:handshake with index 11
[05Oct2025 14:23:02.469] [Netty Epoll Server IO #3/DEBUG] [net.minecraftforge.network.HandshakeHandler/FMLHANDSHAKE]: Received client indexed reply 11 of type net.minecraftforge.network.HandshakeMessages$C2SAcknowledge
[05Oct2025 14:23:02.469] [Netty Epoll Server IO #3/DEBUG] [net.minecraftforge.network.HandshakeHandler/FMLHANDSHAKE]: Received acknowledgement from client
[05Oct2025 14:23:02.470] [Netty Epoll Server IO #3/DEBUG] [net.minecraftforge.network.LoginWrapper/FMLHANDSHAKE]: Recieved login wrapper packet event for channel fml:handshake with index 12
[05Oct2025 14:23:02.470] [Netty Epoll Server IO #3/DEBUG] [net.minecraftforge.network.HandshakeHandler/FMLHANDSHAKE]: Received client indexed reply 12 of type net.minecraftforge.network.HandshakeMessages$C2SAcknowledge
[05Oct2025 14:23:02.470] [Netty Epoll Server IO #3/DEBUG] [net.minecraftforge.network.HandshakeHandler/FMLHANDSHAKE]: Received acknowledgement from client
[05Oct2025 14:23:02.486] [Server thread/DEBUG] [net.minecraftforge.network.HandshakeHandler/FMLHANDSHAKE]: Sending ticking packet info 'Registry minecraft:mob_effect' to 'fml:handshake' sequence 15
[05Oct2025 14:23:02.525] [Server thread/DEBUG] [net.minecraftforge.network.HandshakeHandler/FMLHANDSHAKE]: Sending ticking packet info 'Registry minecraft:stat_type' to 'fml:handshake' sequence 16
[05Oct2025 14:23:02.551] [Netty Epoll Server IO #3/DEBUG] [net.minecraftforge.network.LoginWrapper/FMLHANDSHAKE]: Recieved login wrapper packet event for channel fml:handshake with index 13
[05Oct2025 14:23:02.552] [Netty Epoll Server IO #3/DEBUG] [net.minecraftforge.network.HandshakeHandler/FMLHANDSHAKE]: Received client indexed reply 13 of type net.minecraftforge.network.HandshakeMessages$C2SAcknowledge
[05Oct2025 14:23:02.552] [Netty Epoll Server IO #3/DEBUG] [net.minecraftforge.network.HandshakeHandler/FMLHANDSHAKE]: Received acknowledgement from client
[05Oct2025 14:23:02.553] [Server thread/DEBUG] [net.minecraftforge.network.HandshakeHandler/FMLHANDSHAKE]: Sending ticking packet info 'Registry minecraft:menu' to 'fml:handshake' sequence 17
[05Oct2025 14:23:02.559] [Netty Epoll Server IO #3/DEBUG] [net.minecraftforge.network.LoginWrapper/FMLHANDSHAKE]: Recieved login wrapper packet event for channel fml:handshake with index 14
[05Oct2025 14:23:02.559] [Netty Epoll Server IO #3/DEBUG] [net.minecraftforge.network.HandshakeHandler/FMLHANDSHAKE]: Received client indexed reply 14 of type net.minecraftforge.network.HandshakeMessages$C2SAcknowledge
[05Oct2025 14:23:02.559] [Netty Epoll Server IO #3/DEBUG] [net.minecraftforge.network.HandshakeHandler/FMLHANDSHAKE]: Received acknowledgement from client
[05Oct2025 14:23:02.600] [Server thread/DEBUG] [net.minecraftforge.network.HandshakeHandler/FMLHANDSHAKE]: Sending ticking packet info 'Registry minecraft:enchantment' to 'fml:handshake' sequence 18
[05Oct2025 14:23:02.648] [Server thread/DEBUG] [net.minecraftforge.network.HandshakeHandler/FMLHANDSHAKE]: Sending ticking packet info 'Registry minecraft:fluid' to 'fml:handshake' sequence 19
[05Oct2025 14:23:02.649] [Netty Epoll Server IO #3/DEBUG] [net.minecraftforge.network.LoginWrapper/FMLHANDSHAKE]: Recieved login wrapper packet event for channel fml:handshake with index 15
[05Oct2025 14:23:02.649] [Netty Epoll Server IO #3/DEBUG] [net.minecraftforge.network.HandshakeHandler/FMLHANDSHAKE]: Received client indexed reply 15 of type net.minecraftforge.network.HandshakeMessages$C2SAcknowledge
[05Oct2025 14:23:02.649] [Netty Epoll Server IO #3/DEBUG] [net.minecraftforge.network.HandshakeHandler/FMLHANDSHAKE]: Received acknowledgement from client
[05Oct2025 14:23:02.649] [Netty Epoll Server IO #3/DEBUG] [net.minecraftforge.network.LoginWrapper/FMLHANDSHAKE]: Recieved login wrapper packet event for channel fml:handshake with index 16
[05Oct2025 14:23:02.649] [Netty Epoll Server IO #3/DEBUG] [net.minecraftforge.network.HandshakeHandler/FMLHANDSHAKE]: Received client indexed reply 16 of type net.minecraftforge.network.HandshakeMessages$C2SAcknowledge
[05Oct2025 14:23:02.649] [Netty Epoll Server IO #3/DEBUG] [net.minecraftforge.network.HandshakeHandler/FMLHANDSHAKE]: Received acknowledgement from client
[05Oct2025 14:23:02.660] [Netty Epoll Server IO #3/DEBUG] [net.minecraftforge.network.LoginWrapper/FMLHANDSHAKE]: Recieved login wrapper packet event for channel fml:handshake with index 17
[05Oct2025 14:23:02.661] [Netty Epoll Server IO #3/DEBUG] [net.minecraftforge.network.HandshakeHandler/FMLHANDSHAKE]: Received client indexed reply 17 of type net.minecraftforge.network.HandshakeMessages$C2SAcknowledge
[05Oct2025 14:23:02.661] [Netty Epoll Server IO #3/DEBUG] [net.minecraftforge.network.HandshakeHandler/FMLHANDSHAKE]: Received acknowledgement from client
[05Oct2025 14:23:02.719] [Server thread/DEBUG] [net.minecraftforge.network.HandshakeHandler/FMLHANDSHAKE]: Sending ticking packet info 'Registry minecraft:entity_type' to 'fml:handshake' sequence 20
[05Oct2025 14:23:02.721] [Netty Epoll Server IO #3/DEBUG] [net.minecraftforge.network.LoginWrapper/FMLHANDSHAKE]: Recieved login wrapper packet event for channel fml:handshake with index 18
[05Oct2025 14:23:02.721] [Netty Epoll Server IO #3/DEBUG] [net.minecraftforge.network.HandshakeHandler/FMLHANDSHAKE]: Received client indexed reply 18 of type net.minecraftforge.network.HandshakeMessages$C2SAcknowledge
[05Oct2025 14:23:02.721] [Netty Epoll Server IO #3/DEBUG] [net.minecraftforge.network.HandshakeHandler/FMLHANDSHAKE]: Received acknowledgement from client
[05Oct2025 14:23:02.757] [Server thread/DEBUG] [net.minecraftforge.network.HandshakeHandler/FMLHANDSHAKE]: Sending ticking packet info 'Config forge-server.toml' to 'fml:handshake' sequence 21
[05Oct2025 14:23:02.856] [Netty Epoll Server IO #3/DEBUG] [net.minecraftforge.network.LoginWrapper/FMLHANDSHAKE]: Recieved login wrapper packet event for channel fml:handshake with index 19
[05Oct2025 14:23:02.856] [Netty Epoll Server IO #3/DEBUG] [net.minecraftforge.network.HandshakeHandler/FMLHANDSHAKE]: Received client indexed reply 19 of type net.minecraftforge.network.HandshakeMessages$C2SAcknowledge
[05Oct2025 14:23:02.867] [Netty Epoll Server IO #3/DEBUG] [net.minecraftforge.network.HandshakeHandler/FMLHANDSHAKE]: Received acknowledgement from client
[05Oct2025 14:23:03.333] [Netty Epoll Server IO #3/DEBUG] [net.minecraftforge.network.LoginWrapper/FMLHANDSHAKE]: Recieved login wrapper packet event for channel fml:handshake with index 20
[05Oct2025 14:23:03.334] [Netty Epoll Server IO #3/DEBUG] [net.minecraftforge.network.HandshakeHandler/FMLHANDSHAKE]: Received client indexed reply 20 of type net.minecraftforge.network.HandshakeMessages$C2SAcknowledge
[05Oct2025 14:23:03.334] [Netty Epoll Server IO #3/DEBUG] [net.minecraftforge.network.HandshakeHandler/FMLHANDSHAKE]: Received acknowledgement from client
[05Oct2025 14:23:03.334] [Netty Epoll Server IO #3/DEBUG] [net.minecraftforge.network.LoginWrapper/FMLHANDSHAKE]: Recieved login wrapper packet event for channel fml:handshake with index 21
[05Oct2025 14:23:03.334] [Netty Epoll Server IO #3/DEBUG] [net.minecraftforge.network.HandshakeHandler/FMLHANDSHAKE]: Received client indexed reply 21 of type net.minecraftforge.network.HandshakeMessages$C2SAcknowledge
[05Oct2025 14:23:03.334] [Netty Epoll Server IO #3/DEBUG] [net.minecraftforge.network.HandshakeHandler/FMLHANDSHAKE]: Received acknowledgement from client
[05Oct2025 14:23:03.389] [Server thread/DEBUG] [net.minecraftforge.network.HandshakeHandler/FMLHANDSHAKE]: Handshake complete!
[05Oct2025 14:23:03.432] [Server thread/INFO] [net.minecraft.server.players.PlayerList/]: JuanSBN[/127.159.157.93:35479] logged in with entity id 186 at (319.3839085013749, 64.0, 390.5767245964136)
[05Oct2025 14:23:03.432] [Server thread/DEBUG] [net.minecraftforge.network.filters.NetworkFilters/]: Injected net.minecraftforge.network.filters.ForgeConnectionNetworkFilter@4ec02511 into net.minecraft.network.Connection@2d9dc398
[05Oct2025 14:23:03.480] [Server thread/INFO] [net.minecraft.server.MinecraftServer/]: JuanSBN joined the game
[05Oct2025 14:23:07.336] [Server thread/WARN] [net.minecraft.world.level.chunk.storage.ChunkSerializer/]: Found reference to unknown structure 'minecraft:trial_chambers' in chunk [1, 33], discarding
[05Oct2025 14:23:07.338] [Server thread/WARN] [net.minecraft.world.level.chunk.storage.ChunkSerializer/]: Found reference to unknown structure 'minecraft:trial_chambers' in chunk [2, 33], discarding
[05Oct2025 14:23:07.340] [Server thread/WARN] [net.minecraft.world.level.chunk.storage.ChunkSerializer/]: Found reference to unknown structure 'minecraft:trial_chambers' in chunk [4, 33], discarding
[05Oct2025 14:23:07.341] [Server thread/WARN] [net.minecraft.world.level.chunk.storage.ChunkSerializer/]: Found reference to unknown structure 'minecraft:trial_chambers' in chunk [3, 33], discarding
[05Oct2025 14:23:07.342] [Server thread/WARN] [net.minecraft.world.level.chunk.storage.ChunkSerializer/]: Found reference to unknown structure 'minecraft:trial_chambers' in chunk [5, 33], discarding
[05Oct2025 14:23:07.344] [Server thread/WARN] [net.minecraft.world.level.chunk.storage.ChunkSerializer/]: Found reference to unknown structure 'minecraft:trial_chambers' in chunk [6, 33], discarding
[05Oct2025 14:23:07.349] [Server thread/WARN] [net.minecraft.world.level.chunk.storage.ChunkSerializer/]: Found reference to unknown structure 'minecraft:trial_chambers' in chunk [1, 34], discarding
[05Oct2025 14:23:07.350] [Server thread/WARN] [net.minecraft.world.level.chunk.storage.ChunkSerializer/]: Found reference to unknown structure 'minecraft:trial_chambers' in chunk [2, 34], discarding
[05Oct2025 14:23:07.354] [Server thread/WARN] [net.minecraft.world.level.chunk.storage.ChunkSerializer/]: Found reference to unknown structure 'minecraft:trial_chambers' in chunk [3, 34], discarding
[05Oct2025 14:23:07.355] [Server thread/WARN] [net.minecraft.world.level.chunk.storage.ChunkSerializer/]: Found reference to unknown structure 'minecraft:trial_chambers' in chunk [4, 34], discarding
[05Oct2025 14:23:07.356] [Server thread/WARN] [net.minecraft.world.level.chunk.storage.ChunkSerializer/]: Found reference to unknown structure 'minecraft:trial_chambers' in chunk [5, 34], discarding
[05Oct2025 14:23:07.358] [Server thread/WARN] [net.minecraft.world.level.chunk.storage.ChunkSerializer/]: Found reference to unknown structure 'minecraft:trial_chambers' in chunk [6, 34], discarding
[05Oct2025 14:23:07.364] [Server thread/WARN] [net.minecraft.world.level.chunk.storage.ChunkSerializer/]: Found reference to unknown structure 'minecraft:trial_chambers' in chunk [1, 35], discarding
[05Oct2025 14:23:07.365] [Server thread/WARN] [net.minecraft.world.level.chunk.storage.ChunkSerializer/]: Found reference to unknown structure 'minecraft:trial_chambers' in chunk [2, 35], discarding
[05Oct2025 14:23:07.367] [Server thread/WARN] [net.minecraft.world.level.chunk.storage.ChunkSerializer/]: Found reference to unknown structure 'minecraft:trial_chambers' in chunk [3, 35], discarding
[05Oct2025 14:23:07.368] [Server thread/WARN] [net.minecraft.world.level.chunk.storage.ChunkSerializer/]: Found reference to unknown structure 'minecraft:trial_chambers' in chunk [4, 35], discarding
[05Oct2025 14:23:07.371] [Server thread/WARN] [net.minecraft.world.level.chunk.storage.ChunkSerializer/]: Found reference to unknown structure 'minecraft:trial_chambers' in chunk [5, 35], discarding
[05Oct2025 14:23:07.403] [Server thread/WARN] [net.minecraft.world.level.chunk.storage.ChunkSerializer/]: Found reference to unknown structure 'minecraft:trial_chambers' in chunk [1, 36], discarding
[05Oct2025 14:23:07.404] [Server thread/WARN] [net.minecraft.world.level.chunk.storage.ChunkSerializer/]: Found reference to unknown structure 'minecraft:trial_chambers' in chunk [2, 36], discarding
[05Oct2025 14:23:07.410] [Server thread/WARN] [net.minecraft.world.level.chunk.storage.ChunkSerializer/]: Found reference to unknown structure 'minecraft:trial_chambers' in chunk [3, 36], discarding
[05Oct2025 14:23:07.413] [Server thread/WARN] [net.minecraft.world.level.chunk.storage.ChunkSerializer/]: Found reference to unknown structure 'minecraft:trial_chambers' in chunk [4, 36], discarding
[05Oct2025 14:23:07.414] [Server thread/WARN] [net.minecraft.world.level.chunk.storage.ChunkSerializer/]: Found reference to unknown structure 'minecraft:trial_chambers' in chunk [5, 36], discarding
[05Oct2025 14:23:07.415] [Server thread/WARN] [net.minecraft.world.level.chunk.storage.ChunkSerializer/]: Found reference to unknown structure 'minecraft:trial_chambers' in chunk [6, 36], discarding
[05Oct2025 14:23:07.421] [Server thread/WARN] [net.minecraft.world.level.chunk.storage.ChunkSerializer/]: Found reference to unknown structure 'minecraft:trial_chambers' in chunk [1, 37], discarding
[05Oct2025 14:23:07.422] [Server thread/WARN] [net.minecraft.world.level.chunk.storage.ChunkSerializer/]: Found reference to unknown structure 'minecraft:trial_chambers' in chunk [2, 37], discarding
[05Oct2025 14:23:07.424] [Server thread/WARN] [net.minecraft.world.level.chunk.storage.ChunkSerializer/]: Found reference to unknown structure 'minecraft:trial_chambers' in chunk [3, 37], discarding
[05Oct2025 14:23:07.425] [Server thread/WARN] [net.minecraft.world.level.chunk.storage.ChunkSerializer/]: Found reference to unknown structure 'minecraft:trial_chambers' in chunk [4, 37], discarding
[05Oct2025 14:23:07.426] [Server thread/WARN] [net.minecraft.world.level.chunk.storage.ChunkSerializer/]: Found reference to unknown structure 'minecraft:trial_chambers' in chunk [5, 37], discarding
[05Oct2025 14:23:07.431] [Server thread/WARN] [net.minecraft.world.level.chunk.storage.ChunkSerializer/]: Found reference to unknown structure 'minecraft:trial_chambers' in chunk [6, 37], discarding
[05Oct2025 14:23:07.446] [Server thread/WARN] [net.minecraft.world.level.chunk.storage.ChunkSerializer/]: Found reference to unknown structure 'minecraft:trial_chambers' in chunk [1, 38], discarding
[05Oct2025 14:23:07.448] [Server thread/WARN] [net.minecraft.world.level.chunk.storage.ChunkSerializer/]: Found reference to unknown structure 'minecraft:trial_chambers' in chunk [3, 38], discarding
[05Oct2025 14:23:07.449] [Server thread/WARN] [net.minecraft.world.level.chunk.storage.ChunkSerializer/]: Found reference to unknown structure 'minecraft:trial_chambers' in chunk [2, 38], discarding
[05Oct2025 14:23:07.450] [Server thread/WARN] [net.minecraft.world.level.chunk.storage.ChunkSerializer/]: Found reference to unknown structure 'minecraft:trial_chambers' in chunk [4, 38], discarding
[05Oct2025 14:23:07.473] [Server thread/WARN] [net.minecraft.world.level.chunk.storage.ChunkSerializer/]: Found reference to unknown structure 'minecraft:trial_chambers' in chunk [5, 38], discarding
[05Oct2025 14:23:07.474] [Server thread/WARN] [net.minecraft.world.level.chunk.storage.ChunkSerializer/]: Found reference to unknown structure 'minecraft:trial_chambers' in chunk [6, 38], discarding
[05Oct2025 14:23:07.476] [Server thread/WARN] [net.minecraft.world.level.chunk.storage.ChunkSerializer/]: Found reference to unknown structure 'minecraft:trial_chambers' in chunk [7, 38], discarding
[05Oct2025 14:23:07.477] [Server thread/WARN] [net.minecraft.world.level.chunk.storage.ChunkSerializer/]: Found reference to unknown structure 'minecraft:trial_chambers' in chunk [8, 38], discarding
[05Oct2025 14:23:07.479] [Server thread/WARN] [net.minecraft.world.level.chunk.storage.ChunkSerializer/]: Found reference to unknown structure 'minecraft:trial_chambers' in chunk [9, 38], discarding
[05Oct2025 14:23:07.481] [Server thread/WARN] [net.minecraft.world.level.chunk.storage.ChunkSerializer/]: Found reference to unknown structure 'minecraft:trial_chambers' in chunk [10, 38], discarding
[05Oct2025 14:23:07.500] [Server thread/WARN] [net.minecraft.world.level.chunk.storage.ChunkSerializer/]: Found reference to unknown structure 'minecraft:trial_chambers' in chunk [1, 39], discarding
[05Oct2025 14:23:07.501] [Server thread/WARN] [net.minecraft.world.level.chunk.storage.ChunkSerializer/]: Found reference to unknown structure 'minecraft:trial_chambers' in chunk [3, 39], discarding
[05Oct2025 14:23:07.502] [Server thread/WARN] [net.minecraft.world.level.chunk.storage.ChunkSerializer/]: Found reference to unknown structure 'minecraft:trial_chambers' in chunk [4, 39], discarding
[05Oct2025 14:23:07.504] [Server thread/WARN] [net.minecraft.world.level.chunk.storage.ChunkSerializer/]: Found reference to unknown structure 'minecraft:trial_chambers' in chunk [5, 39], discarding
[05Oct2025 14:23:07.505] [Server thread/ERROR] [net.minecraft.world.level.chunk.storage.ChunkSerializer/]: Unknown structure start: minecraft:trial_chambers
[05Oct2025 14:23:07.506] [Server thread/WARN] [net.minecraft.world.level.chunk.storage.ChunkSerializer/]: Found reference to unknown structure 'minecraft:trial_chambers' in chunk [6, 39], discarding
[05Oct2025 14:23:07.507] [Server thread/WARN] [net.minecraft.world.level.chunk.storage.ChunkSerializer/]: Found reference to unknown structure 'minecraft:trial_chambers' in chunk [7, 39], discarding
[05Oct2025 14:23:07.509] [Server thread/WARN] [net.minecraft.world.level.chunk.storage.ChunkSerializer/]: Found reference to unknown structure 'minecraft:trial_chambers' in chunk [10, 39], discarding
[05Oct2025 14:23:07.519] [Server thread/WARN] [net.minecraft.world.level.chunk.storage.ChunkSerializer/]: Found reference to unknown structure 'minecraft:trial_chambers' in chunk [1, 40], discarding
[05Oct2025 14:23:07.520] [Server thread/WARN] [net.minecraft.world.level.chunk.storage.ChunkSerializer/]: Found reference to unknown structure 'minecraft:trial_chambers' in chunk [2, 40], discarding
[05Oct2025 14:23:07.520] [Server thread/WARN] [net.minecraft.world.level.chunk.storage.ChunkSerializer/]: Found reference to unknown structure 'minecraft:trial_chambers' in chunk [3, 40], discarding
[05Oct2025 14:23:09.128] [Server thread/WARN] [net.minecraft.world.level.chunk.storage.ChunkSerializer/]: Found reference to unknown structure 'minecraft:trial_chambers' in chunk [-23, -18], discarding
[05Oct2025 14:23:09.129] [Server thread/WARN] [net.minecraft.world.level.chunk.storage.ChunkSerializer/]: Found reference to unknown structure 'minecraft:trial_chambers' in chunk [-22, -18], discarding
[05Oct2025 14:23:09.130] [Server thread/WARN] [net.minecraft.world.level.chunk.storage.ChunkSerializer/]: Found reference to unknown structure 'minecraft:trial_chambers' in chunk [-21, -18], discarding
[05Oct2025 14:23:09.131] [Server thread/WARN] [net.minecraft.world.level.chunk.storage.ChunkSerializer/]: Found reference to unknown structure 'minecraft:trial_chambers' in chunk [-20, -18], discarding
[05Oct2025 14:23:09.135] [Server thread/WARN] [net.minecraft.world.level.chunk.storage.ChunkSerializer/]: Found reference to unknown structure 'minecraft:trial_chambers' in chunk [-23, -17], discarding
[05Oct2025 14:23:09.137] [Server thread/WARN] [net.minecraft.world.level.chunk.storage.ChunkSerializer/]: Found reference to unknown structure 'minecraft:trial_chambers' in chunk [-22, -17], discarding
[05Oct2025 14:23:18.081] [Server thread/INFO] [net.minecraft.server.MinecraftServer/]: [JuanSBN: Set own game mode to Creative Mode]
[05Oct2025 14:23:22.225] [Server thread/INFO] [net.minecraft.server.MinecraftServer/]: [JuanSBN: Set manuelreyes89's game mode to Creative Mode]
[05Oct2025 14:23:24.859] [Server thread/INFO] [net.minecraft.server.MinecraftServer/]: [JuanSBN: Teleported JuanSBN to manuelreyes89]
[05Oct2025 14:24:30.370] [Server thread/DEBUG] [net.minecraftforge.common.ForgeHooks/WP]: Gathering id map for writing to world save world
[05Oct2025 14:24:30.376] [Server thread/DEBUG] [net.minecraftforge.common.ForgeHooks/WP]: ID Map collection complete world
[05Oct2025 14:25:25.336] [Server thread/INFO] [net.minecraft.server.MinecraftServer/]: [JuanSBN: Teleported JuanSBN to manuelreyes89]
[05Oct2025 14:29:01.931] [Server thread/WARN] [net.minecraft.server.MinecraftServer/]: Can't keep up! Is the server overloaded? Running 2508ms or 50 ticks behind
[05Oct2025 14:29:32.854] [Server thread/DEBUG] [net.minecraftforge.common.ForgeHooks/WP]: Gathering id map for writing to world save world
[05Oct2025 14:29:32.859] [Server thread/DEBUG] [net.minecraftforge.common.ForgeHooks/WP]: ID Map collection complete world
[05Oct2025 14:29:34.326] [Server thread/WARN] [net.minecraft.world.level.chunk.storage.ChunkSerializer/]: Found reference to unknown structure 'minecraft:trial_chambers' in chunk [34, 0], discarding
[05Oct2025 14:29:34.327] [Server thread/WARN] [net.minecraft.world.level.chunk.storage.ChunkSerializer/]: Found reference to unknown structure 'minecraft:trial_chambers' in chunk [35, 0], discarding
[05Oct2025 14:29:34.329] [Server thread/WARN] [net.minecraft.world.level.chunk.storage.ChunkSerializer/]: Found reference to unknown structure 'minecraft:trial_chambers' in chunk [36, 0], discarding
[05Oct2025 14:29:34.334] [Server thread/WARN] [net.minecraft.world.level.chunk.storage.ChunkSerializer/]: Found reference to unknown structure 'minecraft:trial_chambers' in chunk [34, 1], discarding
[05Oct2025 14:29:34.335] [Server thread/WARN] [net.minecraft.world.level.chunk.storage.ChunkSerializer/]: Found reference to unknown structure 'minecraft:trial_chambers' in chunk [35, 1], discarding
[05Oct2025 14:29:34.337] [Server thread/WARN] [net.minecraft.world.level.chunk.storage.ChunkSerializer/]: Found reference to unknown structure 'minecraft:trial_chambers' in chunk [36, 1], discarding
[05Oct2025 14:29:34.343] [Server thread/WARN] [net.minecraft.world.level.chunk.storage.ChunkSerializer/]: Found reference to unknown structure 'minecraft:trial_chambers' in chunk [34, 2], discarding
[05Oct2025 14:29:34.344] [Server thread/WARN] [net.minecraft.world.level.chunk.storage.ChunkSerializer/]: Found reference to unknown structure 'minecraft:trial_chambers' in chunk [35, 2], discarding
[05Oct2025 14:29:34.346] [Server thread/WARN] [net.minecraft.world.level.chunk.storage.ChunkSerializer/]: Found reference to unknown structure 'minecraft:trial_chambers' in chunk [36, 2], discarding
[05Oct2025 14:29:34.353] [Server thread/WARN] [net.minecraft.world.level.chunk.storage.ChunkSerializer/]: Found reference to unknown structure 'minecraft:trial_chambers' in chunk [34, 3], discarding
[05Oct2025 14:29:34.355] [Server thread/WARN] [net.minecraft.world.level.chunk.storage.ChunkSerializer/]: Found reference to unknown structure 'minecraft:trial_chambers' in chunk [35, 3], discarding
[05Oct2025 14:29:34.357] [Server thread/WARN] [net.minecraft.world.level.chunk.storage.ChunkSerializer/]: Found reference to unknown structure 'minecraft:trial_chambers' in chunk [36, 3], discarding
[05Oct2025 14:29:34.364] [Server thread/WARN] [net.minecraft.world.level.chunk.storage.ChunkSerializer/]: Found reference to unknown structure 'minecraft:trial_chambers' in chunk [34, 4], discarding
[05Oct2025 14:29:34.366] [Server thread/WARN] [net.minecraft.world.level.chunk.storage.ChunkSerializer/]: Found reference to unknown structure 'minecraft:trial_chambers' in chunk [35, 4], discarding
[05Oct2025 14:29:34.368] [Server thread/ERROR] [net.minecraft.world.level.chunk.storage.ChunkSerializer/]: Unknown structure start: minecraft:trial_chambers
[05Oct2025 14:29:34.368] [Server thread/WARN] [net.minecraft.world.level.chunk.storage.ChunkSerializer/]: Found reference to unknown structure 'minecraft:trial_chambers' in chunk [36, 4], discarding
[05Oct2025 14:29:34.387] [Server thread/WARN] [net.minecraft.world.level.chunk.storage.ChunkSerializer/]: Found reference to unknown structure 'minecraft:trial_chambers' in chunk [34, 5], discarding
[05Oct2025 14:29:34.389] [Server thread/WARN] [net.minecraft.world.level.chunk.storage.ChunkSerializer/]: Found reference to unknown structure 'minecraft:trial_chambers' in chunk [35, 5], discarding
[05Oct2025 14:29:34.390] [Server thread/WARN] [net.minecraft.world.level.chunk.storage.ChunkSerializer/]: Found reference to unknown structure 'minecraft:trial_chambers' in chunk [36, 5], discarding
[05Oct2025 14:29:34.398] [Server thread/WARN] [net.minecraft.world.level.chunk.storage.ChunkSerializer/]: Found reference to unknown structure 'minecraft:trial_chambers' in chunk [34, 6], discarding
[05Oct2025 14:29:34.399] [Server thread/WARN] [net.minecraft.world.level.chunk.storage.ChunkSerializer/]: Found reference to unknown structure 'minecraft:trial_chambers' in chunk [35, 6], discarding
[05Oct2025 14:29:34.401] [Server thread/WARN] [net.minecraft.world.level.chunk.storage.ChunkSerializer/]: Found reference to unknown structure 'minecraft:trial_chambers' in chunk [36, 6], discarding
[05Oct2025 14:29:34.408] [Server thread/WARN] [net.minecraft.world.level.chunk.storage.ChunkSerializer/]: Found reference to unknown structure 'minecraft:trial_chambers' in chunk [34, 7], discarding
[05Oct2025 14:29:34.409] [Server thread/WARN] [net.minecraft.world.level.chunk.storage.ChunkSerializer/]: Found reference to unknown structure 'minecraft:trial_chambers' in chunk [35, 7], discarding
[05Oct2025 14:29:34.410] [Server thread/WARN] [net.minecraft.world.level.chunk.storage.ChunkSerializer/]: Found reference to unknown structure 'minecraft:trial_chambers' in chunk [36, 7], discarding
[05Oct2025 14:29:34.429] [Server thread/WARN] [net.minecraft.world.level.chunk.storage.ChunkSerializer/]: Found reference to unknown structure 'minecraft:trial_chambers' in chunk [37, 0], discarding
[05Oct2025 14:29:34.431] [Server thread/WARN] [net.minecraft.world.level.chunk.storage.ChunkSerializer/]: Found reference to unknown structure 'minecraft:trial_chambers' in chunk [37, 1], discarding
[05Oct2025 14:29:34.433] [Server thread/WARN] [net.minecraft.world.level.chunk.storage.ChunkSerializer/]: Found reference to unknown structure 'minecraft:trial_chambers' in chunk [37, 2], discarding
[05Oct2025 14:29:34.433] [Server thread/WARN] [net.minecraft.world.level.chunk.storage.ChunkSerializer/]: Found reference to unknown structure 'minecraft:trial_chambers' in chunk [37, 3], discarding
[05Oct2025 14:29:34.435] [Server thread/WARN] [net.minecraft.world.level.chunk.storage.ChunkSerializer/]: Found reference to unknown structure 'minecraft:trial_chambers' in chunk [37, 4], discarding
[05Oct2025 14:29:34.449] [Server thread/WARN] [net.minecraft.world.level.chunk.storage.ChunkSerializer/]: Found reference to unknown structure 'minecraft:trial_chambers' in chunk [37, 5], discarding
[05Oct2025 14:29:34.450] [Server thread/WARN] [net.minecraft.world.level.chunk.storage.ChunkSerializer/]: Found reference to unknown structure 'minecraft:trial_chambers' in chunk [37, 6], discarding
[05Oct2025 14:29:34.451] [Server thread/WARN] [net.minecraft.world.level.chunk.storage.ChunkSerializer/]: Found reference to unknown structure 'minecraft:trial_chambers' in chunk [37, 7], discarding
[05Oct2025 14:29:34.465] [Server thread/WARN] [net.minecraft.world.level.chunk.storage.ChunkSerializer/]: Found reference to unknown structure 'minecraft:trial_chambers' in chunk [38, 0], discarding
[05Oct2025 14:29:34.466] [Server thread/WARN] [net.minecraft.world.level.chunk.storage.ChunkSerializer/]: Found reference to unknown structure 'minecraft:trial_chambers' in chunk [38, 1], discarding
[05Oct2025 14:29:34.468] [Server thread/WARN] [net.minecraft.world.level.chunk.storage.ChunkSerializer/]: Found reference to unknown structure 'minecraft:trial_chambers' in chunk [38, 2], discarding
[05Oct2025 14:29:34.469] [Server thread/WARN] [net.minecraft.world.level.chunk.storage.ChunkSerializer/]: Found reference to unknown structure 'minecraft:trial_chambers' in chunk [38, 3], discarding
[05Oct2025 14:29:34.470] [Server thread/WARN] [net.minecraft.world.level.chunk.storage.ChunkSerializer/]: Found reference to unknown structure 'minecraft:trial_chambers' in chunk [38, 4], discarding
[05Oct2025 14:29:34.471] [Server thread/WARN] [net.minecraft.world.level.chunk.storage.ChunkSerializer/]: Found reference to unknown structure 'minecraft:trial_chambers' in chunk [38, 5], discarding
[05Oct2025 14:29:34.473] [Server thread/WARN] [net.minecraft.world.level.chunk.storage.ChunkSerializer/]: Found reference to unknown structure 'minecraft:trial_chambers' in chunk [38, 6], discarding
[05Oct2025 14:29:34.474] [Server thread/WARN] [net.minecraft.world.level.chunk.storage.ChunkSerializer/]: Found reference to unknown structure 'minecraft:trial_chambers' in chunk [38, 7], discarding
[05Oct2025 14:29:59.842] [Server thread/WARN] [net.minecraft.server.level.ServerEntity/]: Fetching packet for removed entity ItemEntity['Air'/1333, l='ServerLevel[world]', x=98.13, y=63.00, z=335.88, removed=DISCARDED]
[05Oct2025 14:34:32.843] [Server thread/DEBUG] [net.minecraftforge.common.ForgeHooks/WP]: Gathering id map for writing to world save world
[05Oct2025 14:34:32.848] [Server thread/DEBUG] [net.minecraftforge.common.ForgeHooks/WP]: ID Map collection complete world
[05Oct2025 14:34:54.670] [Server thread/WARN] [net.minecraft.world.level.chunk.storage.ChunkSerializer/]: Found reference to unknown structure 'minecraft:trial_chambers' in chunk [-22, -19], discarding
[05Oct2025 14:34:54.672] [Server thread/WARN] [net.minecraft.world.level.chunk.storage.ChunkSerializer/]: Found reference to unknown structure 'minecraft:trial_chambers' in chunk [-21, -19], discarding
[05Oct2025 14:34:54.675] [Server thread/WARN] [net.minecraft.world.level.chunk.storage.ChunkSerializer/]: Found reference to unknown structure 'minecraft:trial_chambers' in chunk [-20, -19], discarding
[05Oct2025 14:34:54.679] [Server thread/WARN] [net.minecraft.world.level.chunk.storage.ChunkSerializer/]: Found reference to unknown structure 'minecraft:trial_chambers' in chunk [-22, -18], discarding
[05Oct2025 14:34:54.703] [Server thread/WARN] [net.minecraft.world.level.chunk.storage.ChunkSerializer/]: Found reference to unknown structure 'minecraft:trial_chambers' in chunk [-21, -18], discarding
[05Oct2025 14:34:54.704] [Server thread/WARN] [net.minecraft.world.level.chunk.storage.ChunkSerializer/]: Found reference to unknown structure 'minecraft:trial_chambers' in chunk [-20, -18], discarding
[05Oct2025 14:35:37.185] [Server thread/INFO] [net.minecraft.server.MinecraftServer/]: [JuanSBN: Teleported JuanSBN to manuelreyes89]
[05Oct2025 14:36:30.968] [Server thread/INFO] [net.minecraft.server.MinecraftServer/]: [JuanSBN: Set the time to 1000]
[05Oct2025 14:39:32.844] [Server thread/DEBUG] [net.minecraftforge.common.ForgeHooks/WP]: Gathering id map for writing to world save world
[05Oct2025 14:39:32.849] [Server thread/DEBUG] [net.minecraftforge.common.ForgeHooks/WP]: ID Map collection complete world
[05Oct2025 14:44:32.839] [Server thread/DEBUG] [net.minecraftforge.common.ForgeHooks/WP]: Gathering id map for writing to world save world
[05Oct2025 14:44:32.843] [Server thread/DEBUG] [net.minecraftforge.common.ForgeHooks/WP]: ID Map collection complete world
[05Oct2025 14:46:46.522] [Server thread/INFO] [net.minecraft.server.MinecraftServer/]: [JuanSBN: Set the time to 1000]
[05Oct2025 14:49:32.840] [Server thread/DEBUG] [net.minecraftforge.common.ForgeHooks/WP]: Gathering id map for writing to world save world
[05Oct2025 14:49:32.844] [Server thread/DEBUG] [net.minecraftforge.common.ForgeHooks/WP]: ID Map collection complete world
[05Oct2025 14:50:16.651] [Netty Epoll Server IO #3/DEBUG] [net.minecraftforge.network.HandshakeHandler/FMLHANDSHAKE]: Starting new modded impl connection. Found 22 messages to dispatch.
[05Oct2025 14:50:16.677] [Server thread/DEBUG] [net.minecraftforge.network.HandshakeHandler/FMLHANDSHAKE]: Sending ticking packet info 'net.minecraftforge.network.HandshakeMessages$S2CModData' to 'fml:handshake' sequence 0
[05Oct2025 14:50:16.728] [Server thread/DEBUG] [net.minecraftforge.network.HandshakeHandler/FMLHANDSHAKE]: Sending ticking packet info 'net.minecraftforge.network.HandshakeMessages$S2CModList' to 'fml:handshake' sequence 1
[05Oct2025 14:50:16.778] [Server thread/DEBUG] [net.minecraftforge.network.HandshakeHandler/FMLHANDSHAKE]: Sending ticking packet info 'Registry minecraft:command_argument_type' to 'fml:handshake' sequence 2
[05Oct2025 14:50:16.831] [Server thread/DEBUG] [net.minecraftforge.network.HandshakeHandler/FMLHANDSHAKE]: Sending ticking packet info 'Registry minecraft:recipe_serializer' to 'fml:handshake' sequence 3
[05Oct2025 14:50:16.835] [Netty Epoll Server IO #3/DEBUG] [net.minecraftforge.network.LoginWrapper/FMLHANDSHAKE]: Recieved login wrapper packet event for channel fml:handshake with index 1
[05Oct2025 14:50:16.835] [Netty Epoll Server IO #3/DEBUG] [net.minecraftforge.network.HandshakeHandler/FMLHANDSHAKE]: Received client indexed reply 1 of type net.minecraftforge.network.HandshakeMessages$C2SModListReply
[05Oct2025 14:50:16.836] [Netty Epoll Server IO #3/DEBUG] [net.minecraftforge.network.HandshakeHandler/FMLHANDSHAKE]: Received client connection with modlist [minecraft, orbital_railgun, forge, geckolib]
[05Oct2025 14:50:16.836] [Netty Epoll Server IO #3/DEBUG] [net.minecraftforge.network.NetworkRegistry/NETREGISTRY]: Channel 'orbital_railgun:main' : Version test of '1' from client : ACCEPTED
[05Oct2025 14:50:16.836] [Netty Epoll Server IO #3/DEBUG] [net.minecraftforge.network.NetworkRegistry/NETREGISTRY]: Channel 'fml:loginwrapper' : Version test of 'FML3' from client : ACCEPTED
[05Oct2025 14:50:16.836] [Netty Epoll Server IO #3/DEBUG] [net.minecraftforge.network.NetworkRegistry/NETREGISTRY]: Channel 'forge:tier_sorting' : Version test of '1.0' from client : ACCEPTED
[05Oct2025 14:50:16.836] [Netty Epoll Server IO #3/DEBUG] [net.minecraftforge.network.NetworkRegistry/NETREGISTRY]: Channel 'fml:handshake' : Version test of 'FML3' from client : ACCEPTED
[05Oct2025 14:50:16.836] [Netty Epoll Server IO #3/DEBUG] [net.minecraftforge.network.NetworkRegistry/NETREGISTRY]: Channel 'minecraft:unregister' : Version test of 'FML3' from client : ACCEPTED
[05Oct2025 14:50:16.836] [Netty Epoll Server IO #3/DEBUG] [net.minecraftforge.network.NetworkRegistry/NETREGISTRY]: Channel 'fml:play' : Version test of 'FML3' from client : ACCEPTED
[05Oct2025 14:50:16.836] [Netty Epoll Server IO #3/DEBUG] [net.minecraftforge.network.NetworkRegistry/NETREGISTRY]: Channel 'minecraft:register' : Version test of 'FML3' from client : ACCEPTED
[05Oct2025 14:50:16.836] [Netty Epoll Server IO #3/DEBUG] [net.minecraftforge.network.NetworkRegistry/NETREGISTRY]: Channel 'forge:split' : Version test of '1.1' from client : ACCEPTED
[05Oct2025 14:50:16.836] [Netty Epoll Server IO #3/DEBUG] [net.minecraftforge.network.NetworkRegistry/NETREGISTRY]: Channel 'geckolib:main' : Version test of '1' from client : ACCEPTED
[05Oct2025 14:50:16.836] [Netty Epoll Server IO #3/DEBUG] [net.minecraftforge.network.NetworkRegistry/NETREGISTRY]: Accepting channel list from client
[05Oct2025 14:50:16.836] [Netty Epoll Server IO #3/DEBUG] [net.minecraftforge.network.HandshakeHandler/FMLHANDSHAKE]: Accepted client connection mod list
[05Oct2025 14:50:16.877] [Server thread/DEBUG] [net.minecraftforge.network.HandshakeHandler/FMLHANDSHAKE]: Sending ticking packet info 'Registry minecraft:sound_event' to 'fml:handshake' sequence 4
[05Oct2025 14:50:16.885] [Netty Epoll Server IO #3/DEBUG] [net.minecraftforge.network.LoginWrapper/FMLHANDSHAKE]: Recieved login wrapper packet event for channel fml:handshake with index 2
[05Oct2025 14:50:16.885] [Netty Epoll Server IO #3/DEBUG] [net.minecraftforge.network.HandshakeHandler/FMLHANDSHAKE]: Received client indexed reply 2 of type net.minecraftforge.network.HandshakeMessages$C2SAcknowledge
[05Oct2025 14:50:16.885] [Netty Epoll Server IO #3/DEBUG] [net.minecraftforge.network.HandshakeHandler/FMLHANDSHAKE]: Received acknowledgement from client
[05Oct2025 14:50:16.927] [Server thread/DEBUG] [net.minecraftforge.network.HandshakeHandler/FMLHANDSHAKE]: Sending ticking packet info 'Registry minecraft:particle_type' to 'fml:handshake' sequence 5
[05Oct2025 14:50:16.937] [Netty Epoll Server IO #3/DEBUG] [net.minecraftforge.network.LoginWrapper/FMLHANDSHAKE]: Recieved login wrapper packet event for channel fml:handshake with index 3
[05Oct2025 14:50:16.937] [Netty Epoll Server IO #3/DEBUG] [net.minecraftforge.network.HandshakeHandler/FMLHANDSHAKE]: Received client indexed reply 3 of type net.minecraftforge.network.HandshakeMessages$C2SAcknowledge
[05Oct2025 14:50:16.937] [Netty Epoll Server IO #3/DEBUG] [net.minecraftforge.network.HandshakeHandler/FMLHANDSHAKE]: Received acknowledgement from client
[05Oct2025 14:50:16.977] [Server thread/DEBUG] [net.minecraftforge.network.HandshakeHandler/FMLHANDSHAKE]: Sending ticking packet info 'Registry minecraft:villager_profession' to 'fml:handshake' sequence 6
[05Oct2025 14:50:17.029] [Server thread/DEBUG] [net.minecraftforge.network.HandshakeHandler/FMLHANDSHAKE]: Sending ticking packet info 'Registry minecraft:item' to 'fml:handshake' sequence 7
[05Oct2025 14:50:17.077] [Server thread/DEBUG] [net.minecraftforge.network.HandshakeHandler/FMLHANDSHAKE]: Sending ticking packet info 'Registry minecraft:potion' to 'fml:handshake' sequence 8
[05Oct2025 14:50:17.128] [Server thread/DEBUG] [net.minecraftforge.network.HandshakeHandler/FMLHANDSHAKE]: Sending ticking packet info 'Registry minecraft:painting_variant' to 'fml:handshake' sequence 9
[05Oct2025 14:50:17.177] [Server thread/DEBUG] [net.minecraftforge.network.HandshakeHandler/FMLHANDSHAKE]: Sending ticking packet info 'Registry forge:fluid_type' to 'fml:handshake' sequence 10
[05Oct2025 14:50:17.194] [Netty Epoll Server IO #3/DEBUG] [net.minecraftforge.network.LoginWrapper/FMLHANDSHAKE]: Recieved login wrapper packet event for channel fml:handshake with index 4
[05Oct2025 14:50:17.194] [Netty Epoll Server IO #3/DEBUG] [net.minecraftforge.network.HandshakeHandler/FMLHANDSHAKE]: Received client indexed reply 4 of type net.minecraftforge.network.HandshakeMessages$C2SAcknowledge
[05Oct2025 14:50:17.194] [Netty Epoll Server IO #3/DEBUG] [net.minecraftforge.network.HandshakeHandler/FMLHANDSHAKE]: Received acknowledgement from client
[05Oct2025 14:50:17.194] [Netty Epoll Server IO #3/DEBUG] [net.minecraftforge.network.LoginWrapper/FMLHANDSHAKE]: Recieved login wrapper packet event for channel fml:handshake with index 5
[05Oct2025 14:50:17.194] [Netty Epoll Server IO #3/DEBUG] [net.minecraftforge.network.HandshakeHandler/FMLHANDSHAKE]: Received client indexed reply 5 of type net.minecraftforge.network.HandshakeMessages$C2SAcknowledge
[05Oct2025 14:50:17.194] [Netty Epoll Server IO #3/DEBUG] [net.minecraftforge.network.HandshakeHandler/FMLHANDSHAKE]: Received acknowledgement from client
[05Oct2025 14:50:17.194] [Netty Epoll Server IO #3/DEBUG] [net.minecraftforge.network.LoginWrapper/FMLHANDSHAKE]: Recieved login wrapper packet event for channel fml:handshake with index 6
[05Oct2025 14:50:17.194] [Netty Epoll Server IO #3/DEBUG] [net.minecraftforge.network.HandshakeHandler/FMLHANDSHAKE]: Received client indexed reply 6 of type net.minecraftforge.network.HandshakeMessages$C2SAcknowledge
[05Oct2025 14:50:17.194] [Netty Epoll Server IO #3/DEBUG] [net.minecraftforge.network.HandshakeHandler/FMLHANDSHAKE]: Received acknowledgement from client
[05Oct2025 14:50:17.198] [Netty Epoll Server IO #3/DEBUG] [net.minecraftforge.network.LoginWrapper/FMLHANDSHAKE]: Recieved login wrapper packet event for channel fml:handshake with index 7
[05Oct2025 14:50:17.198] [Netty Epoll Server IO #3/DEBUG] [net.minecraftforge.network.HandshakeHandler/FMLHANDSHAKE]: Received client indexed reply 7 of type net.minecraftforge.network.HandshakeMessages$C2SAcknowledge
[05Oct2025 14:50:17.198] [Netty Epoll Server IO #3/DEBUG] [net.minecraftforge.network.HandshakeHandler/FMLHANDSHAKE]: Received acknowledgement from client
[05Oct2025 14:50:17.198] [Netty Epoll Server IO #3/DEBUG] [net.minecraftforge.network.LoginWrapper/FMLHANDSHAKE]: Recieved login wrapper packet event for channel fml:handshake with index 8
[05Oct2025 14:50:17.198] [Netty Epoll Server IO #3/DEBUG] [net.minecraftforge.network.HandshakeHandler/FMLHANDSHAKE]: Received client indexed reply 8 of type net.minecraftforge.network.HandshakeMessages$C2SAcknowledge
[05Oct2025 14:50:17.198] [Netty Epoll Server IO #3/DEBUG] [net.minecraftforge.network.HandshakeHandler/FMLHANDSHAKE]: Received acknowledgement from client
[05Oct2025 14:50:17.230] [Server thread/DEBUG] [net.minecraftforge.network.HandshakeHandler/FMLHANDSHAKE]: Sending ticking packet info 'Registry minecraft:block_entity_type' to 'fml:handshake' sequence 11
[05Oct2025 14:50:17.233] [Netty Epoll Server IO #3/DEBUG] [net.minecraftforge.network.LoginWrapper/FMLHANDSHAKE]: Recieved login wrapper packet event for channel fml:handshake with index 9
[05Oct2025 14:50:17.233] [Netty Epoll Server IO #3/DEBUG] [net.minecraftforge.network.HandshakeHandler/FMLHANDSHAKE]: Received client indexed reply 9 of type net.minecraftforge.network.HandshakeMessages$C2SAcknowledge
[05Oct2025 14:50:17.233] [Netty Epoll Server IO #3/DEBUG] [net.minecraftforge.network.HandshakeHandler/FMLHANDSHAKE]: Received acknowledgement from client
[05Oct2025 14:50:17.279] [Server thread/DEBUG] [net.minecraftforge.network.HandshakeHandler/FMLHANDSHAKE]: Sending ticking packet info 'Registry forge:display_contexts' to 'fml:handshake' sequence 12
[05Oct2025 14:50:17.281] [Netty Epoll Server IO #3/DEBUG] [net.minecraftforge.network.LoginWrapper/FMLHANDSHAKE]: Recieved login wrapper packet event for channel fml:handshake with index 10
[05Oct2025 14:50:17.282] [Netty Epoll Server IO #3/DEBUG] [net.minecraftforge.network.HandshakeHandler/FMLHANDSHAKE]: Received client indexed reply 10 of type net.minecraftforge.network.HandshakeMessages$C2SAcknowledge
[05Oct2025 14:50:17.282] [Netty Epoll Server IO #3/DEBUG] [net.minecraftforge.network.HandshakeHandler/FMLHANDSHAKE]: Received acknowledgement from client
[05Oct2025 14:50:17.328] [Server thread/DEBUG] [net.minecraftforge.network.HandshakeHandler/FMLHANDSHAKE]: Sending ticking packet info 'Registry minecraft:block' to 'fml:handshake' sequence 13
[05Oct2025 14:50:17.334] [Netty Epoll Server IO #3/DEBUG] [net.minecraftforge.network.LoginWrapper/FMLHANDSHAKE]: Recieved login wrapper packet event for channel fml:handshake with index 11
[05Oct2025 14:50:17.334] [Netty Epoll Server IO #3/DEBUG] [net.minecraftforge.network.HandshakeHandler/FMLHANDSHAKE]: Received client indexed reply 11 of type net.minecraftforge.network.HandshakeMessages$C2SAcknowledge
[05Oct2025 14:50:17.334] [Netty Epoll Server IO #3/DEBUG] [net.minecraftforge.network.HandshakeHandler/FMLHANDSHAKE]: Received acknowledgement from client
[05Oct2025 14:50:17.376] [Server thread/DEBUG] [net.minecraftforge.network.HandshakeHandler/FMLHANDSHAKE]: Sending ticking packet info 'Registry forge:entity_data_serializers' to 'fml:handshake' sequence 14
[05Oct2025 14:50:17.384] [Netty Epoll Server IO #3/DEBUG] [net.minecraftforge.network.LoginWrapper/FMLHANDSHAKE]: Recieved login wrapper packet event for channel fml:handshake with index 12
[05Oct2025 14:50:17.384] [Netty Epoll Server IO #3/DEBUG] [net.minecraftforge.network.HandshakeHandler/FMLHANDSHAKE]: Received client indexed reply 12 of type net.minecraftforge.network.HandshakeMessages$C2SAcknowledge
[05Oct2025 14:50:17.384] [Netty Epoll Server IO #3/DEBUG] [net.minecraftforge.network.HandshakeHandler/FMLHANDSHAKE]: Received acknowledgement from client
[05Oct2025 14:50:17.427] [Server thread/DEBUG] [net.minecraftforge.network.HandshakeHandler/FMLHANDSHAKE]: Sending ticking packet info 'Registry minecraft:mob_effect' to 'fml:handshake' sequence 15
[05Oct2025 14:50:17.436] [Netty Epoll Server IO #3/DEBUG] [net.minecraftforge.network.LoginWrapper/FMLHANDSHAKE]: Recieved login wrapper packet event for channel fml:handshake with index 13
[05Oct2025 14:50:17.436] [Netty Epoll Server IO #3/DEBUG] [net.minecraftforge.network.HandshakeHandler/FMLHANDSHAKE]: Received client indexed reply 13 of type net.minecraftforge.network.HandshakeMessages$C2SAcknowledge
[05Oct2025 14:50:17.436] [Netty Epoll Server IO #3/DEBUG] [net.minecraftforge.network.HandshakeHandler/FMLHANDSHAKE]: Received acknowledgement from client
[05Oct2025 14:50:17.477] [Server thread/DEBUG] [net.minecraftforge.network.HandshakeHandler/FMLHANDSHAKE]: Sending ticking packet info 'Registry minecraft:stat_type' to 'fml:handshake' sequence 16
[05Oct2025 14:50:17.481] [Netty Epoll Server IO #3/DEBUG] [net.minecraftforge.network.LoginWrapper/FMLHANDSHAKE]: Recieved login wrapper packet event for channel fml:handshake with index 14
[05Oct2025 14:50:17.481] [Netty Epoll Server IO #3/DEBUG] [net.minecraftforge.network.HandshakeHandler/FMLHANDSHAKE]: Received client indexed reply 14 of type net.minecraftforge.network.HandshakeMessages$C2SAcknowledge
[05Oct2025 14:50:17.482] [Netty Epoll Server IO #3/DEBUG] [net.minecraftforge.network.HandshakeHandler/FMLHANDSHAKE]: Received acknowledgement from client
[05Oct2025 14:50:17.527] [Server thread/DEBUG] [net.minecraftforge.network.HandshakeHandler/FMLHANDSHAKE]: Sending ticking packet info 'Registry minecraft:menu' to 'fml:handshake' sequence 17
[05Oct2025 14:50:17.531] [Netty Epoll Server IO #3/DEBUG] [net.minecraftforge.network.LoginWrapper/FMLHANDSHAKE]: Recieved login wrapper packet event for channel fml:handshake with index 15
[05Oct2025 14:50:17.531] [Netty Epoll Server IO #3/DEBUG] [net.minecraftforge.network.HandshakeHandler/FMLHANDSHAKE]: Received client indexed reply 15 of type net.minecraftforge.network.HandshakeMessages$C2SAcknowledge
[05Oct2025 14:50:17.531] [Netty Epoll Server IO #3/DEBUG] [net.minecraftforge.network.HandshakeHandler/FMLHANDSHAKE]: Received acknowledgement from client
[05Oct2025 14:50:17.576] [Server thread/DEBUG] [net.minecraftforge.network.HandshakeHandler/FMLHANDSHAKE]: Sending ticking packet info 'Registry minecraft:enchantment' to 'fml:handshake' sequence 18
[05Oct2025 14:50:17.579] [Netty Epoll Server IO #3/DEBUG] [net.minecraftforge.network.LoginWrapper/FMLHANDSHAKE]: Recieved login wrapper packet event for channel fml:handshake with index 16
[05Oct2025 14:50:17.579] [Netty Epoll Server IO #3/DEBUG] [net.minecraftforge.network.HandshakeHandler/FMLHANDSHAKE]: Received client indexed reply 16 of type net.minecraftforge.network.HandshakeMessages$C2SAcknowledge
[05Oct2025 14:50:17.580] [Netty Epoll Server IO #3/DEBUG] [net.minecraftforge.network.HandshakeHandler/FMLHANDSHAKE]: Received acknowledgement from client
[05Oct2025 14:50:17.626] [Server thread/DEBUG] [net.minecraftforge.network.HandshakeHandler/FMLHANDSHAKE]: Sending ticking packet info 'Registry minecraft:fluid' to 'fml:handshake' sequence 19
[05Oct2025 14:50:17.631] [Netty Epoll Server IO #3/DEBUG] [net.minecraftforge.network.LoginWrapper/FMLHANDSHAKE]: Recieved login wrapper packet event for channel fml:handshake with index 17
[05Oct2025 14:50:17.631] [Netty Epoll Server IO #3/DEBUG] [net.minecraftforge.network.HandshakeHandler/FMLHANDSHAKE]: Received client indexed reply 17 of type net.minecraftforge.network.HandshakeMessages$C2SAcknowledge
[05Oct2025 14:50:17.631] [Netty Epoll Server IO #3/DEBUG] [net.minecraftforge.network.HandshakeHandler/FMLHANDSHAKE]: Received acknowledgement from client
[05Oct2025 14:50:17.676] [Server thread/DEBUG] [net.minecraftforge.network.HandshakeHandler/FMLHANDSHAKE]: Sending ticking packet info 'Registry minecraft:entity_type' to 'fml:handshake' sequence 20
[05Oct2025 14:50:17.682] [Netty Epoll Server IO #3/DEBUG] [net.minecraftforge.network.LoginWrapper/FMLHANDSHAKE]: Recieved login wrapper packet event for channel fml:handshake with index 18
[05Oct2025 14:50:17.682] [Netty Epoll Server IO #3/DEBUG] [net.minecraftforge.network.HandshakeHandler/FMLHANDSHAKE]: Received client indexed reply 18 of type net.minecraftforge.network.HandshakeMessages$C2SAcknowledge
[05Oct2025 14:50:17.682] [Netty Epoll Server IO #3/DEBUG] [net.minecraftforge.network.HandshakeHandler/FMLHANDSHAKE]: Received acknowledgement from client
[05Oct2025 14:50:17.727] [Server thread/DEBUG] [net.minecraftforge.network.HandshakeHandler/FMLHANDSHAKE]: Sending ticking packet info 'Config forge-server.toml' to 'fml:handshake' sequence 21
[05Oct2025 14:50:17.729] [Netty Epoll Server IO #3/DEBUG] [net.minecraftforge.network.LoginWrapper/FMLHANDSHAKE]: Recieved login wrapper packet event for channel fml:handshake with index 19
[05Oct2025 14:50:17.730] [Netty Epoll Server IO #3/DEBUG] [net.minecraftforge.network.HandshakeHandler/FMLHANDSHAKE]: Received client indexed reply 19 of type net.minecraftforge.network.HandshakeMessages$C2SAcknowledge
[05Oct2025 14:50:17.730] [Netty Epoll Server IO #3/DEBUG] [net.minecraftforge.network.HandshakeHandler/FMLHANDSHAKE]: Received acknowledgement from client
[05Oct2025 14:50:18.465] [Netty Epoll Server IO #3/DEBUG] [net.minecraftforge.network.LoginWrapper/FMLHANDSHAKE]: Recieved login wrapper packet event for channel fml:handshake with index 20
[05Oct2025 14:50:18.466] [Netty Epoll Server IO #3/DEBUG] [net.minecraftforge.network.HandshakeHandler/FMLHANDSHAKE]: Received client indexed reply 20 of type net.minecraftforge.network.HandshakeMessages$C2SAcknowledge
[05Oct2025 14:50:18.466] [Netty Epoll Server IO #3/DEBUG] [net.minecraftforge.network.HandshakeHandler/FMLHANDSHAKE]: Received acknowledgement from client
[05Oct2025 14:50:18.469] [Netty Epoll Server IO #3/DEBUG] [net.minecraftforge.network.LoginWrapper/FMLHANDSHAKE]: Recieved login wrapper packet event for channel fml:handshake with index 21
[05Oct2025 14:50:18.469] [Netty Epoll Server IO #3/DEBUG] [net.minecraftforge.network.HandshakeHandler/FMLHANDSHAKE]: Received client indexed reply 21 of type net.minecraftforge.network.HandshakeMessages$C2SAcknowledge
[05Oct2025 14:50:18.469] [Netty Epoll Server IO #3/DEBUG] [net.minecraftforge.network.HandshakeHandler/FMLHANDSHAKE]: Received acknowledgement from client
[05Oct2025 14:50:18.476] [Server thread/DEBUG] [net.minecraftforge.network.HandshakeHandler/FMLHANDSHAKE]: Handshake complete!
[05Oct2025 14:50:18.528] [Server thread/WARN] [net.minecraft.stats.ServerStatsCounter/]: Invalid statistic in ./world/stats/73edeaf6-5b12-3bb4-8d27-eecbff5fa8d4.json: Don't know what minecraft:leaf_litter is
[05Oct2025 14:50:18.529] [Server thread/WARN] [net.minecraft.stats.ServerStatsCounter/]: Invalid statistic in ./world/stats/73edeaf6-5b12-3bb4-8d27-eecbff5fa8d4.json: Don't know what minecraft:leaf_litter is
[05Oct2025 14:50:18.530] [Server thread/WARN] [net.minecraft.stats.ServerStatsCounter/]: Invalid statistic in ./world/stats/73edeaf6-5b12-3bb4-8d27-eecbff5fa8d4.json: Don't know what minecraft:firefly_bush is
[05Oct2025 14:50:18.530] [Server thread/WARN] [net.minecraft.stats.ServerStatsCounter/]: Invalid statistic in ./world/stats/73edeaf6-5b12-3bb4-8d27-eecbff5fa8d4.json: Don't know what minecraft:wildflowers is
[05Oct2025 14:50:18.530] [Server thread/WARN] [net.minecraft.stats.ServerStatsCounter/]: Invalid statistic in ./world/stats/73edeaf6-5b12-3bb4-8d27-eecbff5fa8d4.json: Don't know what minecraft:leaf_litter is
[05Oct2025 14:50:18.530] [Server thread/WARN] [net.minecraft.stats.ServerStatsCounter/]: Invalid statistic in ./world/stats/73edeaf6-5b12-3bb4-8d27-eecbff5fa8d4.json: Don't know what minecraft:wildflowers is
[05Oct2025 14:50:18.531] [Server thread/WARN] [net.minecraft.stats.ServerStatsCounter/]: Invalid statistic in ./world/stats/73edeaf6-5b12-3bb4-8d27-eecbff5fa8d4.json: Don't know what minecraft:short_grass is
[05Oct2025 14:50:18.531] [Server thread/WARN] [net.minecraft.stats.ServerStatsCounter/]: Invalid statistic in ./world/stats/73edeaf6-5b12-3bb4-8d27-eecbff5fa8d4.json: Don't know what minecraft:firefly_bush is
[05Oct2025 14:50:18.543] [Server thread/WARN] [net.minecraft.server.PlayerAdvancements/]: Ignored advancement 'minecraft:recipes/transportation/pale_oak_boat' in progress file ./world/advancements/73edeaf6-5b12-3bb4-8d27-eecbff5fa8d4.json - it doesn't exist anymore?
[05Oct2025 14:50:18.543] [Server thread/WARN] [net.minecraft.server.PlayerAdvancements/]: Ignored advancement 'minecraft:recipes/tools/bundle' in progress file ./world/advancements/73edeaf6-5b12-3bb4-8d27-eecbff5fa8d4.json - it doesn't exist anymore?
[05Oct2025 14:50:18.543] [Server thread/WARN] [net.minecraft.server.PlayerAdvancements/]: Ignored advancement 'minecraft:recipes/building_blocks/chiseled_tuff_bricks_from_tuff_stonecutting' in progress file ./world/advancements/73edeaf6-5b12-3bb4-8d27-eecbff5fa8d4.json - it doesn't exist anymore?
[05Oct2025 14:50:18.543] [Server thread/WARN] [net.minecraft.server.PlayerAdvancements/]: Ignored advancement 'minecraft:recipes/building_blocks/tuff_bricks_from_tuff_stonecutting' in progress file ./world/advancements/73edeaf6-5b12-3bb4-8d27-eecbff5fa8d4.json - it doesn't exist anymore?
[05Oct2025 14:50:18.544] [Server thread/WARN] [net.minecraft.server.PlayerAdvancements/]: Ignored advancement 'minecraft:recipes/building_blocks/tuff_slab' in progress file ./world/advancements/73edeaf6-5b12-3bb4-8d27-eecbff5fa8d4.json - it doesn't exist anymore?
[05Oct2025 14:50:18.544] [Server thread/WARN] [net.minecraft.server.PlayerAdvancements/]: Ignored advancement 'minecraft:recipes/building_blocks/tuff_brick_slab_from_tuff_stonecutting' in progress file ./world/advancements/73edeaf6-5b12-3bb4-8d27-eecbff5fa8d4.json - it doesn't exist anymore?
[05Oct2025 14:50:18.544] [Server thread/WARN] [net.minecraft.server.PlayerAdvancements/]: Ignored advancement 'minecraft:recipes/decorations/polished_tuff_wall_from_tuff_stonecutting' in progress file ./world/advancements/73edeaf6-5b12-3bb4-8d27-eecbff5fa8d4.json - it doesn't exist anymore?
[05Oct2025 14:50:18.544] [Server thread/WARN] [net.minecraft.server.PlayerAdvancements/]: Ignored advancement 'minecraft:recipes/decorations/tuff_wall' in progress file ./world/advancements/73edeaf6-5b12-3bb4-8d27-eecbff5fa8d4.json - it doesn't exist anymore?
[05Oct2025 14:50:18.544] [Server thread/WARN] [net.minecraft.server.PlayerAdvancements/]: Ignored advancement 'minecraft:recipes/building_blocks/polished_tuff_slab_from_tuff_stonecutting' in progress file ./world/advancements/73edeaf6-5b12-3bb4-8d27-eecbff5fa8d4.json - it doesn't exist anymore?
[05Oct2025 14:50:18.544] [Server thread/WARN] [net.minecraft.server.PlayerAdvancements/]: Ignored advancement 'minecraft:recipes/decorations/tuff_wall_from_tuff_stonecutting' in progress file ./world/advancements/73edeaf6-5b12-3bb4-8d27-eecbff5fa8d4.json - it doesn't exist anymore?
[05Oct2025 14:50:18.544] [Server thread/WARN] [net.minecraft.server.PlayerAdvancements/]: Ignored advancement 'minecraft:recipes/building_blocks/tuff_stairs' in progress file ./world/advancements/73edeaf6-5b12-3bb4-8d27-eecbff5fa8d4.json - it doesn't exist anymore?
[05Oct2025 14:50:18.544] [Server thread/WARN] [net.minecraft.server.PlayerAdvancements/]: Ignored advancement 'minecraft:recipes/decorations/tuff_brick_wall_from_tuff_stonecutting' in progress file ./world/advancements/73edeaf6-5b12-3bb4-8d27-eecbff5fa8d4.json - it doesn't exist anymore?
[05Oct2025 14:50:18.544] [Server thread/WARN] [net.minecraft.server.PlayerAdvancements/]: Ignored advancement 'minecraft:recipes/building_blocks/chiseled_tuff_from_tuff_stonecutting' in progress file ./world/advancements/73edeaf6-5b12-3bb4-8d27-eecbff5fa8d4.json - it doesn't exist anymore?
[05Oct2025 14:50:18.545] [Server thread/WARN] [net.minecraft.server.PlayerAdvancements/]: Ignored advancement 'minecraft:recipes/building_blocks/polished_tuff_stairs_from_tuff_stonecutting' in progress file ./world/advancements/73edeaf6-5b12-3bb4-8d27-eecbff5fa8d4.json - it doesn't exist anymore?
[05Oct2025 14:50:18.545] [Server thread/WARN] [net.minecraft.server.PlayerAdvancements/]: Ignored advancement 'minecraft:recipes/building_blocks/tuff_stairs_from_tuff_stonecutting' in progress file ./world/advancements/73edeaf6-5b12-3bb4-8d27-eecbff5fa8d4.json - it doesn't exist anymore?
[05Oct2025 14:50:18.545] [Server thread/WARN] [net.minecraft.server.PlayerAdvancements/]: Ignored advancement 'minecraft:recipes/building_blocks/tuff_brick_stairs_from_tuff_stonecutting' in progress file ./world/advancements/73edeaf6-5b12-3bb4-8d27-eecbff5fa8d4.json - it doesn't exist anymore?
[05Oct2025 14:50:18.545] [Server thread/WARN] [net.minecraft.server.PlayerAdvancements/]: Ignored advancement 'minecraft:recipes/building_blocks/polished_tuff' in progress file ./world/advancements/73edeaf6-5b12-3bb4-8d27-eecbff5fa8d4.json - it doesn't exist anymore?
[05Oct2025 14:50:18.545] [Server thread/WARN] [net.minecraft.server.PlayerAdvancements/]: Ignored advancement 'minecraft:recipes/building_blocks/tuff_slab_from_tuff_stonecutting' in progress file ./world/advancements/73edeaf6-5b12-3bb4-8d27-eecbff5fa8d4.json - it doesn't exist anymore?
[05Oct2025 14:50:18.545] [Server thread/WARN] [net.minecraft.server.PlayerAdvancements/]: Ignored advancement 'minecraft:recipes/building_blocks/polished_tuff_from_tuff_stonecutting' in progress file ./world/advancements/73edeaf6-5b12-3bb4-8d27-eecbff5fa8d4.json - it doesn't exist anymore?
[05Oct2025 14:50:18.545] [Server thread/WARN] [net.minecraft.server.PlayerAdvancements/]: Ignored advancement 'minecraft:recipes/combat/saddle' in progress file ./world/advancements/73edeaf6-5b12-3bb4-8d27-eecbff5fa8d4.json - it doesn't exist anymore?
[05Oct2025 14:50:18.545] [Server thread/WARN] [net.minecraft.server.PlayerAdvancements/]: Ignored advancement 'minecraft:recipes/misc/yellow_dye_from_wildflowers' in progress file ./world/advancements/73edeaf6-5b12-3bb4-8d27-eecbff5fa8d4.json - it doesn't exist anymore?
[05Oct2025 14:50:18.546] [Server thread/WARN] [net.minecraft.server.PlayerAdvancements/]: Ignored advancement 'minecraft:recipes/building_blocks/dried_ghast' in progress file ./world/advancements/73edeaf6-5b12-3bb4-8d27-eecbff5fa8d4.json - it doesn't exist anymore?
[05Oct2025 14:50:18.547] [Server thread/WARN] [net.minecraft.server.PlayerAdvancements/]: Ignored advancement 'minecraft:recipes/redstone/copper_door' in progress file ./world/advancements/73edeaf6-5b12-3bb4-8d27-eecbff5fa8d4.json - it doesn't exist anymore?
[05Oct2025 14:50:18.547] [Server thread/WARN] [net.minecraft.server.PlayerAdvancements/]: Ignored advancement 'minecraft:recipes/redstone/copper_trapdoor' in progress file ./world/advancements/73edeaf6-5b12-3bb4-8d27-eecbff5fa8d4.json - it doesn't exist anymore?
[05Oct2025 14:50:18.548] [Server thread/WARN] [net.minecraft.server.PlayerAdvancements/]: Ignored advancement 'minecraft:recipes/food/suspicious_stew_from_poppy' in progress file ./world/advancements/73edeaf6-5b12-3bb4-8d27-eecbff5fa8d4.json - it doesn't exist anymore?
[05Oct2025 14:50:18.553] [Server thread/ERROR] [net.minecraft.stats.ServerRecipeBook/]: Tried to load unrecognized recipe: minecraft:tuff_brick_wall_from_tuff_stonecutting removed now.
[05Oct2025 14:50:18.553] [Server thread/ERROR] [net.minecraft.stats.ServerRecipeBook/]: Tried to load unrecognized recipe: minecraft:copper_trapdoor removed now.
[05Oct2025 14:50:18.553] [Server thread/ERROR] [net.minecraft.stats.ServerRecipeBook/]: Tried to load unrecognized recipe: minecraft:bundle removed now.
[05Oct2025 14:50:18.553] [Server thread/ERROR] [net.minecraft.stats.ServerRecipeBook/]: Tried to load unrecognized recipe: minecraft:pale_oak_boat removed now.
[05Oct2025 14:50:18.553] [Server thread/ERROR] [net.minecraft.stats.ServerRecipeBook/]: Tried to load unrecognized recipe: minecraft:saddle removed now.
[05Oct2025 14:50:18.554] [Server thread/ERROR] [net.minecraft.stats.ServerRecipeBook/]: Tried to load unrecognized recipe: minecraft:chiseled_tuff_from_tuff_stonecutting removed now.
[05Oct2025 14:50:18.554] [Server thread/ERROR] [net.minecraft.stats.ServerRecipeBook/]: Tried to load unrecognized recipe: minecraft:dried_ghast removed now.
[05Oct2025 14:50:18.554] [Server thread/ERROR] [net.minecraft.stats.ServerRecipeBook/]: Tried to load unrecognized recipe: minecraft:polished_tuff_stairs_from_tuff_stonecutting removed now.
[05Oct2025 14:50:18.554] [Server thread/ERROR] [net.minecraft.stats.ServerRecipeBook/]: Tried to load unrecognized recipe: minecraft:tuff_brick_slab_from_tuff_stonecutting removed now.
[05Oct2025 14:50:18.554] [Server thread/ERROR] [net.minecraft.stats.ServerRecipeBook/]: Tried to load unrecognized recipe: minecraft:copper_door removed now.
[05Oct2025 14:50:18.554] [Server thread/ERROR] [net.minecraft.stats.ServerRecipeBook/]: Tried to load unrecognized recipe: minecraft:yellow_dye_from_wildflowers removed now.
[05Oct2025 14:50:18.554] [Server thread/ERROR] [net.minecraft.stats.ServerRecipeBook/]: Tried to load unrecognized recipe: minecraft:chiseled_tuff_bricks_from_tuff_stonecutting removed now.
[05Oct2025 14:50:18.554] [Server thread/ERROR] [net.minecraft.stats.ServerRecipeBook/]: Tried to load unrecognized recipe: minecraft:tuff_stairs removed now.
[05Oct2025 14:50:18.554] [Server thread/ERROR] [net.minecraft.stats.ServerRecipeBook/]: Tried to load unrecognized recipe: minecraft:tuff_wall removed now.
[05Oct2025 14:50:18.554] [Server thread/ERROR] [net.minecraft.stats.ServerRecipeBook/]: Tried to load unrecognized recipe: minecraft:polished_tuff_wall_from_tuff_stonecutting removed now.
[05Oct2025 14:50:18.555] [Server thread/ERROR] [net.minecraft.stats.ServerRecipeBook/]: Tried to load unrecognized recipe: minecraft:polished_tuff_slab_from_tuff_stonecutting removed now.
[05Oct2025 14:50:18.555] [Server thread/ERROR] [net.minecraft.stats.ServerRecipeBook/]: Tried to load unrecognized recipe: minecraft:tuff_slab_from_tuff_stonecutting removed now.
[05Oct2025 14:50:18.555] [Server thread/ERROR] [net.minecraft.stats.ServerRecipeBook/]: Tried to load unrecognized recipe: minecraft:suspicious_stew_from_poppy removed now.
[05Oct2025 14:50:18.555] [Server thread/ERROR] [net.minecraft.stats.ServerRecipeBook/]: Tried to load unrecognized recipe: minecraft:tuff_wall_from_tuff_stonecutting removed now.
[05Oct2025 14:50:18.555] [Server thread/ERROR] [net.minecraft.stats.ServerRecipeBook/]: Tried to load unrecognized recipe: minecraft:polished_tuff_from_tuff_stonecutting removed now.
[05Oct2025 14:50:18.555] [Server thread/ERROR] [net.minecraft.stats.ServerRecipeBook/]: Tried to load unrecognized recipe: minecraft:tuff_brick_stairs_from_tuff_stonecutting removed now.
[05Oct2025 14:50:18.555] [Server thread/ERROR] [net.minecraft.stats.ServerRecipeBook/]: Tried to load unrecognized recipe: minecraft:tuff_stairs_from_tuff_stonecutting removed now.
[05Oct2025 14:50:18.555] [Server thread/ERROR] [net.minecraft.stats.ServerRecipeBook/]: Tried to load unrecognized recipe: minecraft:tuff_slab removed now.
[05Oct2025 14:50:18.556] [Server thread/ERROR] [net.minecraft.stats.ServerRecipeBook/]: Tried to load unrecognized recipe: minecraft:tuff_bricks_from_tuff_stonecutting removed now.
[05Oct2025 14:50:18.556] [Server thread/ERROR] [net.minecraft.stats.ServerRecipeBook/]: Tried to load unrecognized recipe: minecraft:polished_tuff removed now.
[05Oct2025 14:50:18.556] [Server thread/ERROR] [net.minecraft.stats.ServerRecipeBook/]: Tried to load unrecognized recipe: minecraft:chiseled_tuff_bricks_from_tuff_stonecutting removed now.
[05Oct2025 14:50:18.556] [Server thread/ERROR] [net.minecraft.stats.ServerRecipeBook/]: Tried to load unrecognized recipe: minecraft:tuff_brick_wall_from_tuff_stonecutting removed now.
[05Oct2025 14:50:18.556] [Server thread/ERROR] [net.minecraft.stats.ServerRecipeBook/]: Tried to load unrecognized recipe: minecraft:copper_trapdoor removed now.
[05Oct2025 14:50:18.556] [Server thread/ERROR] [net.minecraft.stats.ServerRecipeBook/]: Tried to load unrecognized recipe: minecraft:tuff_wall removed now.
[05Oct2025 14:50:18.556] [Server thread/ERROR] [net.minecraft.stats.ServerRecipeBook/]: Tried to load unrecognized recipe: minecraft:polished_tuff_wall_from_tuff_stonecutting removed now.
[05Oct2025 14:50:18.556] [Server thread/ERROR] [net.minecraft.stats.ServerRecipeBook/]: Tried to load unrecognized recipe: minecraft:polished_tuff_slab_from_tuff_stonecutting removed now.
[05Oct2025 14:50:18.556] [Server thread/ERROR] [net.minecraft.stats.ServerRecipeBook/]: Tried to load unrecognized recipe: minecraft:chiseled_tuff_from_tuff_stonecutting removed now.
[05Oct2025 14:50:18.557] [Server thread/ERROR] [net.minecraft.stats.ServerRecipeBook/]: Tried to load unrecognized recipe: minecraft:tuff_slab_from_tuff_stonecutting removed now.
[05Oct2025 14:50:18.557] [Server thread/ERROR] [net.minecraft.stats.ServerRecipeBook/]: Tried to load unrecognized recipe: minecraft:suspicious_stew_from_poppy removed now.
[05Oct2025 14:50:18.557] [Server thread/ERROR] [net.minecraft.stats.ServerRecipeBook/]: Tried to load unrecognized recipe: minecraft:tuff_wall_from_tuff_stonecutting removed now.
[05Oct2025 14:50:18.557] [Server thread/ERROR] [net.minecraft.stats.ServerRecipeBook/]: Tried to load unrecognized recipe: minecraft:polished_tuff_from_tuff_stonecutting removed now.
[05Oct2025 14:50:18.557] [Server thread/ERROR] [net.minecraft.stats.ServerRecipeBook/]: Tried to load unrecognized recipe: minecraft:polished_tuff_stairs_from_tuff_stonecutting removed now.
[05Oct2025 14:50:18.557] [Server thread/ERROR] [net.minecraft.stats.ServerRecipeBook/]: Tried to load unrecognized recipe: minecraft:tuff_brick_slab_from_tuff_stonecutting removed now.
[05Oct2025 14:50:18.557] [Server thread/ERROR] [net.minecraft.stats.ServerRecipeBook/]: Tried to load unrecognized recipe: minecraft:tuff_stairs_from_tuff_stonecutting removed now.
[05Oct2025 14:50:18.557] [Server thread/ERROR] [net.minecraft.stats.ServerRecipeBook/]: Tried to load unrecognized recipe: minecraft:tuff_brick_stairs_from_tuff_stonecutting removed now.
[05Oct2025 14:50:18.557] [Server thread/ERROR] [net.minecraft.stats.ServerRecipeBook/]: Tried to load unrecognized recipe: minecraft:copper_door removed now.
[05Oct2025 14:50:18.558] [Server thread/ERROR] [net.minecraft.stats.ServerRecipeBook/]: Tried to load unrecognized recipe: minecraft:tuff_bricks_from_tuff_stonecutting removed now.
[05Oct2025 14:50:18.558] [Server thread/INFO] [net.minecraft.server.players.PlayerList/]: Theplaiboy[/127.159.157.93:44891] logged in with entity id 5844 at (302.32193924742654, 63.0, 409.53928928864514)
[05Oct2025 14:50:18.558] [Server thread/DEBUG] [net.minecraftforge.network.filters.NetworkFilters/]: Injected net.minecraftforge.network.filters.ForgeConnectionNetworkFilter@775ff5e1 into net.minecraft.network.Connection@7e421746
[05Oct2025 14:50:18.564] [Server thread/INFO] [net.minecraft.server.MinecraftServer/]: Theplaiboy joined the game
[05Oct2025 14:50:18.910] [Server thread/WARN] [net.minecraft.world.level.chunk.storage.ChunkSerializer/]: Found reference to unknown structure 'minecraft:trial_chambers' in chunk [10, 38], discarding
[05Oct2025 14:50:18.911] [Server thread/WARN] [net.minecraft.world.level.chunk.storage.ChunkSerializer/]: Found reference to unknown structure 'minecraft:trial_chambers' in chunk [10, 39], discarding
[05Oct2025 14:50:19.334] [Server thread/WARN] [net.minecraft.world.level.chunk.storage.ChunkSerializer/]: Found reference to unknown structure 'minecraft:trial_chambers' in chunk [3, 33], discarding
[05Oct2025 14:50:19.335] [Server thread/WARN] [net.minecraft.world.level.chunk.storage.ChunkSerializer/]: Found reference to unknown structure 'minecraft:trial_chambers' in chunk [6, 33], discarding
[05Oct2025 14:50:19.338] [Server thread/WARN] [net.minecraft.world.level.chunk.storage.ChunkSerializer/]: Found reference to unknown structure 'minecraft:trial_chambers' in chunk [1, 33], discarding
[05Oct2025 14:50:19.339] [Server thread/WARN] [net.minecraft.world.level.chunk.storage.ChunkSerializer/]: Found reference to unknown structure 'minecraft:trial_chambers' in chunk [4, 33], discarding
[05Oct2025 14:50:19.344] [Server thread/WARN] [net.minecraft.world.level.chunk.storage.ChunkSerializer/]: Found reference to unknown structure 'minecraft:trial_chambers' in chunk [2, 33], discarding
[05Oct2025 14:50:19.345] [Server thread/WARN] [net.minecraft.world.level.chunk.storage.ChunkSerializer/]: Found reference to unknown structure 'minecraft:trial_chambers' in chunk [5, 33], discarding
[05Oct2025 14:50:19.346] [Server thread/WARN] [net.minecraft.world.level.chunk.storage.ChunkSerializer/]: Found reference to unknown structure 'minecraft:trial_chambers' in chunk [1, 34], discarding
[05Oct2025 14:50:19.348] [Server thread/WARN] [net.minecraft.world.level.chunk.storage.ChunkSerializer/]: Found reference to unknown structure 'minecraft:trial_chambers' in chunk [2, 34], discarding
[05Oct2025 14:50:19.365] [Server thread/WARN] [net.minecraft.world.level.chunk.storage.ChunkSerializer/]: Found reference to unknown structure 'minecraft:trial_chambers' in chunk [3, 34], discarding
[05Oct2025 14:50:19.368] [Server thread/WARN] [net.minecraft.world.level.chunk.storage.ChunkSerializer/]: Found reference to unknown structure 'minecraft:trial_chambers' in chunk [4, 34], discarding
[05Oct2025 14:50:19.369] [Server thread/WARN] [net.minecraft.world.level.chunk.storage.ChunkSerializer/]: Found reference to unknown structure 'minecraft:trial_chambers' in chunk [5, 34], discarding
[05Oct2025 14:50:19.370] [Server thread/WARN] [net.minecraft.world.level.chunk.storage.ChunkSerializer/]: Found reference to unknown structure 'minecraft:trial_chambers' in chunk [6, 34], discarding
[05Oct2025 14:50:19.375] [Server thread/WARN] [net.minecraft.world.level.chunk.storage.ChunkSerializer/]: Found reference to unknown structure 'minecraft:trial_chambers' in chunk [1, 35], discarding
[05Oct2025 14:50:19.376] [Server thread/WARN] [net.minecraft.world.level.chunk.storage.ChunkSerializer/]: Found reference to unknown structure 'minecraft:trial_chambers' in chunk [2, 35], discarding
[05Oct2025 14:50:19.378] [Server thread/WARN] [net.minecraft.world.level.chunk.storage.ChunkSerializer/]: Found reference to unknown structure 'minecraft:trial_chambers' in chunk [3, 35], discarding
[05Oct2025 14:50:19.380] [Server thread/WARN] [net.minecraft.world.level.chunk.storage.ChunkSerializer/]: Found reference to unknown structure 'minecraft:trial_chambers' in chunk [4, 35], discarding
[05Oct2025 14:50:19.381] [Server thread/WARN] [net.minecraft.world.level.chunk.storage.ChunkSerializer/]: Found reference to unknown structure 'minecraft:trial_chambers' in chunk [5, 35], discarding
[05Oct2025 14:50:19.387] [Server thread/WARN] [net.minecraft.world.level.chunk.storage.ChunkSerializer/]: Found reference to unknown structure 'minecraft:trial_chambers' in chunk [1, 36], discarding
[05Oct2025 14:50:19.388] [Server thread/WARN] [net.minecraft.world.level.chunk.storage.ChunkSerializer/]: Found reference to unknown structure 'minecraft:trial_chambers' in chunk [2, 36], discarding
[05Oct2025 14:50:19.389] [Server thread/WARN] [net.minecraft.world.level.chunk.storage.ChunkSerializer/]: Found reference to unknown structure 'minecraft:trial_chambers' in chunk [3, 36], discarding
[05Oct2025 14:50:19.391] [Server thread/WARN] [net.minecraft.world.level.chunk.storage.ChunkSerializer/]: Found reference to unknown structure 'minecraft:trial_chambers' in chunk [4, 36], discarding
[05Oct2025 14:50:19.391] [Server thread/WARN] [net.minecraft.world.level.chunk.storage.ChunkSerializer/]: Found reference to unknown structure 'minecraft:trial_chambers' in chunk [5, 36], discarding
[05Oct2025 14:50:19.392] [Server thread/WARN] [net.minecraft.world.level.chunk.storage.ChunkSerializer/]: Found reference to unknown structure 'minecraft:trial_chambers' in chunk [6, 36], discarding
[05Oct2025 14:50:19.396] [Server thread/WARN] [net.minecraft.world.level.chunk.storage.ChunkSerializer/]: Found reference to unknown structure 'minecraft:trial_chambers' in chunk [1, 37], discarding
[05Oct2025 14:50:19.397] [Server thread/WARN] [net.minecraft.world.level.chunk.storage.ChunkSerializer/]: Found reference to unknown structure 'minecraft:trial_chambers' in chunk [2, 37], discarding
[05Oct2025 14:50:19.398] [Server thread/WARN] [net.minecraft.world.level.chunk.storage.ChunkSerializer/]: Found reference to unknown structure 'minecraft:trial_chambers' in chunk [3, 37], discarding
[05Oct2025 14:50:19.399] [Server thread/WARN] [net.minecraft.world.level.chunk.storage.ChunkSerializer/]: Found reference to unknown structure 'minecraft:trial_chambers' in chunk [4, 37], discarding
[05Oct2025 14:50:19.400] [Server thread/WARN] [net.minecraft.world.level.chunk.storage.ChunkSerializer/]: Found reference to unknown structure 'minecraft:trial_chambers' in chunk [5, 37], discarding
[05Oct2025 14:50:19.401] [Server thread/WARN] [net.minecraft.world.level.chunk.storage.ChunkSerializer/]: Found reference to unknown structure 'minecraft:trial_chambers' in chunk [6, 37], discarding
[05Oct2025 14:50:19.403] [Server thread/WARN] [net.minecraft.world.level.chunk.storage.ChunkSerializer/]: Found reference to unknown structure 'minecraft:trial_chambers' in chunk [1, 38], discarding
[05Oct2025 14:50:19.404] [Server thread/WARN] [net.minecraft.world.level.chunk.storage.ChunkSerializer/]: Found reference to unknown structure 'minecraft:trial_chambers' in chunk [2, 38], discarding
[05Oct2025 14:50:19.405] [Server thread/WARN] [net.minecraft.world.level.chunk.storage.ChunkSerializer/]: Found reference to unknown structure 'minecraft:trial_chambers' in chunk [3, 38], discarding
[05Oct2025 14:50:19.406] [Server thread/WARN] [net.minecraft.world.level.chunk.storage.ChunkSerializer/]: Found reference to unknown structure 'minecraft:trial_chambers' in chunk [4, 38], discarding
[05Oct2025 14:50:19.406] [Server thread/WARN] [net.minecraft.world.level.chunk.storage.ChunkSerializer/]: Found reference to unknown structure 'minecraft:trial_chambers' in chunk [5, 38], discarding
[05Oct2025 14:50:19.407] [Server thread/WARN] [net.minecraft.world.level.chunk.storage.ChunkSerializer/]: Found reference to unknown structure 'minecraft:trial_chambers' in chunk [6, 38], discarding
[05Oct2025 14:50:19.408] [Server thread/WARN] [net.minecraft.world.level.chunk.storage.ChunkSerializer/]: Found reference to unknown structure 'minecraft:trial_chambers' in chunk [7, 38], discarding
[05Oct2025 14:50:19.408] [Server thread/WARN] [net.minecraft.world.level.chunk.storage.ChunkSerializer/]: Found reference to unknown structure 'minecraft:trial_chambers' in chunk [8, 38], discarding
[05Oct2025 14:50:19.409] [Server thread/WARN] [net.minecraft.world.level.chunk.storage.ChunkSerializer/]: Found reference to unknown structure 'minecraft:trial_chambers' in chunk [9, 38], discarding
[05Oct2025 14:50:19.436] [Server thread/WARN] [net.minecraft.world.level.chunk.storage.ChunkSerializer/]: Found reference to unknown structure 'minecraft:trial_chambers' in chunk [1, 39], discarding
[05Oct2025 14:50:19.437] [Server thread/WARN] [net.minecraft.world.level.chunk.storage.ChunkSerializer/]: Found reference to unknown structure 'minecraft:trial_chambers' in chunk [3, 39], discarding
[05Oct2025 14:50:19.438] [Server thread/WARN] [net.minecraft.world.level.chunk.storage.ChunkSerializer/]: Found reference to unknown structure 'minecraft:trial_chambers' in chunk [4, 39], discarding
[05Oct2025 14:50:19.439] [Server thread/WARN] [net.minecraft.world.level.chunk.storage.ChunkSerializer/]: Found reference to unknown structure 'minecraft:trial_chambers' in chunk [5, 39], discarding
[05Oct2025 14:50:19.440] [Server thread/WARN] [net.minecraft.world.level.chunk.storage.ChunkSerializer/]: Found reference to unknown structure 'minecraft:trial_chambers' in chunk [7, 39], discarding
[05Oct2025 14:50:19.442] [Server thread/ERROR] [net.minecraft.world.level.chunk.storage.ChunkSerializer/]: Unknown structure start: minecraft:trial_chambers
[05Oct2025 14:50:19.442] [Server thread/WARN] [net.minecraft.world.level.chunk.storage.ChunkSerializer/]: Found reference to unknown structure 'minecraft:trial_chambers' in chunk [6, 39], discarding
[05Oct2025 14:50:19.450] [Server thread/WARN] [net.minecraft.world.level.chunk.storage.ChunkSerializer/]: Found reference to unknown structure 'minecraft:trial_chambers' in chunk [1, 40], discarding
[05Oct2025 14:50:19.451] [Server thread/WARN] [net.minecraft.world.level.chunk.storage.ChunkSerializer/]: Found reference to unknown structure 'minecraft:trial_chambers' in chunk [2, 40], discarding
[05Oct2025 14:50:19.452] [Server thread/WARN] [net.minecraft.world.level.chunk.storage.ChunkSerializer/]: Found reference to unknown structure 'minecraft:trial_chambers' in chunk [3, 40], discarding
[05Oct2025 14:50:29.552] [Server thread/INFO] [net.minecraft.server.MinecraftServer/]: [Not Secure] <Theplaiboy> op op op
[05Oct2025 14:50:32.012] [Server thread/WARN] [net.minecraft.world.level.chunk.storage.ChunkSerializer/]: Found reference to unknown structure 'minecraft:trial_chambers' in chunk [34, 7], discarding
[05Oct2025 14:50:32.014] [Server thread/WARN] [net.minecraft.world.level.chunk.storage.ChunkSerializer/]: Found reference to unknown structure 'minecraft:trial_chambers' in chunk [35, 7], discarding
[05Oct2025 14:50:32.015] [Server thread/WARN] [net.minecraft.world.level.chunk.storage.ChunkSerializer/]: Found reference to unknown structure 'minecraft:trial_chambers' in chunk [36, 7], discarding
[05Oct2025 14:50:32.016] [Server thread/WARN] [net.minecraft.world.level.chunk.storage.ChunkSerializer/]: Found reference to unknown structure 'minecraft:trial_chambers' in chunk [37, 7], discarding
[05Oct2025 14:50:32.017] [Server thread/WARN] [net.minecraft.world.level.chunk.storage.ChunkSerializer/]: Found reference to unknown structure 'minecraft:trial_chambers' in chunk [38, 7], discarding
[05Oct2025 14:50:32.018] [Server thread/WARN] [net.minecraft.world.level.chunk.storage.ChunkSerializer/]: Found reference to unknown structure 'minecraft:trial_chambers' in chunk [41, 7], discarding
[05Oct2025 14:50:32.057] [Server thread/WARN] [net.minecraft.world.level.chunk.storage.ChunkSerializer/]: Found reference to unknown structure 'minecraft:trial_chambers' in chunk [34, 6], discarding
[05Oct2025 14:50:32.058] [Server thread/WARN] [net.minecraft.world.level.chunk.storage.ChunkSerializer/]: Found reference to unknown structure 'minecraft:trial_chambers' in chunk [35, 6], discarding
[05Oct2025 14:50:32.059] [Server thread/WARN] [net.minecraft.world.level.chunk.storage.ChunkSerializer/]: Found reference to unknown structure 'minecraft:trial_chambers' in chunk [36, 6], discarding
[05Oct2025 14:50:32.060] [Server thread/WARN] [net.minecraft.world.level.chunk.storage.ChunkSerializer/]: Found reference to unknown structure 'minecraft:trial_chambers' in chunk [37, 6], discarding
[05Oct2025 14:50:32.061] [Server thread/WARN] [net.minecraft.world.level.chunk.storage.ChunkSerializer/]: Found reference to unknown structure 'minecraft:trial_chambers' in chunk [38, 6], discarding
[05Oct2025 14:50:32.061] [Server thread/WARN] [net.minecraft.world.level.chunk.storage.ChunkSerializer/]: Found reference to unknown structure 'minecraft:trial_chambers' in chunk [39, 6], discarding
[05Oct2025 14:50:32.062] [Server thread/WARN] [net.minecraft.world.level.chunk.storage.ChunkSerializer/]: Found reference to unknown structure 'minecraft:trial_chambers' in chunk [40, 6], discarding
[05Oct2025 14:50:32.063] [Server thread/WARN] [net.minecraft.world.level.chunk.storage.ChunkSerializer/]: Found reference to unknown structure 'minecraft:trial_chambers' in chunk [41, 6], discarding
[05Oct2025 14:50:32.135] [Server thread/WARN] [net.minecraft.world.level.chunk.storage.ChunkSerializer/]: Found reference to unknown structure 'minecraft:trial_chambers' in chunk [34, 5], discarding
[05Oct2025 14:50:32.137] [Server thread/WARN] [net.minecraft.world.level.chunk.storage.ChunkSerializer/]: Found reference to unknown structure 'minecraft:trial_chambers' in chunk [35, 5], discarding
[05Oct2025 14:50:32.138] [Server thread/WARN] [net.minecraft.world.level.chunk.storage.ChunkSerializer/]: Found reference to unknown structure 'minecraft:trial_chambers' in chunk [36, 5], discarding
[05Oct2025 14:50:32.139] [Server thread/WARN] [net.minecraft.world.level.chunk.storage.ChunkSerializer/]: Found reference to unknown structure 'minecraft:trial_chambers' in chunk [37, 5], discarding
[05Oct2025 14:50:32.140] [Server thread/WARN] [net.minecraft.world.level.chunk.storage.ChunkSerializer/]: Found reference to unknown structure 'minecraft:trial_chambers' in chunk [38, 5], discarding
[05Oct2025 14:50:32.142] [Server thread/WARN] [net.minecraft.world.level.chunk.storage.ChunkSerializer/]: Found reference to unknown structure 'minecraft:trial_chambers' in chunk [39, 5], discarding
[05Oct2025 14:50:32.143] [Server thread/WARN] [net.minecraft.world.level.chunk.storage.ChunkSerializer/]: Found reference to unknown structure 'minecraft:trial_chambers' in chunk [40, 5], discarding
[05Oct2025 14:50:32.145] [Server thread/WARN] [net.minecraft.world.level.chunk.storage.ChunkSerializer/]: Found reference to unknown structure 'minecraft:trial_chambers' in chunk [41, 5], discarding
[05Oct2025 14:50:32.178] [Server thread/WARN] [net.minecraft.world.level.chunk.storage.ChunkSerializer/]: Found reference to unknown structure 'minecraft:trial_chambers' in chunk [34, 4], discarding
[05Oct2025 14:50:32.179] [Server thread/WARN] [net.minecraft.world.level.chunk.storage.ChunkSerializer/]: Found reference to unknown structure 'minecraft:trial_chambers' in chunk [35, 4], discarding
[05Oct2025 14:50:32.180] [Server thread/ERROR] [net.minecraft.world.level.chunk.storage.ChunkSerializer/]: Unknown structure start: minecraft:trial_chambers
[05Oct2025 14:50:32.180] [Server thread/WARN] [net.minecraft.world.level.chunk.storage.ChunkSerializer/]: Found reference to unknown structure 'minecraft:trial_chambers' in chunk [36, 4], discarding
[05Oct2025 14:50:32.181] [Server thread/WARN] [net.minecraft.world.level.chunk.storage.ChunkSerializer/]: Found reference to unknown structure 'minecraft:trial_chambers' in chunk [37, 4], discarding
[05Oct2025 14:50:32.182] [Server thread/WARN] [net.minecraft.world.level.chunk.storage.ChunkSerializer/]: Found reference to unknown structure 'minecraft:trial_chambers' in chunk [38, 4], discarding
[05Oct2025 14:50:32.183] [Server thread/WARN] [net.minecraft.world.level.chunk.storage.ChunkSerializer/]: Found reference to unknown structure 'minecraft:trial_chambers' in chunk [39, 4], discarding
[05Oct2025 14:50:32.184] [Server thread/WARN] [net.minecraft.world.level.chunk.storage.ChunkSerializer/]: Found reference to unknown structure 'minecraft:trial_chambers' in chunk [40, 4], discarding
[05Oct2025 14:50:32.185] [Server thread/WARN] [net.minecraft.world.level.chunk.storage.ChunkSerializer/]: Found reference to unknown structure 'minecraft:trial_chambers' in chunk [41, 4], discarding
[05Oct2025 14:50:37.801] [Server thread/WARN] [net.minecraft.world.level.block.entity.BlockEntity/]: Skipping BlockEntity with id minecraft:vault
[05Oct2025 14:50:37.802] [Server thread/WARN] [net.minecraft.world.level.block.entity.BlockEntity/]: Skipping BlockEntity with id minecraft:vault
[05Oct2025 14:50:37.802] [Server thread/WARN] [net.minecraft.world.level.block.entity.BlockEntity/]: Skipping BlockEntity with id minecraft:vault
[05Oct2025 14:50:37.802] [Server thread/WARN] [net.minecraft.world.level.block.entity.BlockEntity/]: Skipping BlockEntity with id minecraft:trial_spawner
[05Oct2025 14:50:37.803] [Server thread/WARN] [net.minecraft.world.level.block.entity.BlockEntity/]: Skipping BlockEntity with id minecraft:trial_spawner
[05Oct2025 14:50:37.803] [Server thread/WARN] [net.minecraft.world.level.block.entity.BlockEntity/]: Skipping BlockEntity with id minecraft:vault
[05Oct2025 14:50:37.803] [Server thread/WARN] [net.minecraft.world.level.block.entity.BlockEntity/]: Skipping BlockEntity with id minecraft:trial_spawner
[05Oct2025 14:50:37.804] [Server thread/WARN] [net.minecraft.world.level.block.entity.BlockEntity/]: Skipping BlockEntity with id minecraft:vault
[05Oct2025 14:50:37.804] [Server thread/WARN] [net.minecraft.world.level.block.entity.BlockEntity/]: Skipping BlockEntity with id minecraft:trial_spawner
[05Oct2025 14:51:46.165] [Server thread/INFO] [net.minecraft.server.MinecraftServer/]: [JuanSBN: Made Theplaiboy a server operator]
[05Oct2025 14:52:07.981] [Server thread/INFO] [net.minecraft.server.MinecraftServer/]: [Theplaiboy: Set own game mode to Spectator Mode]
[05Oct2025 14:52:10.247] [Server thread/INFO] [net.minecraft.server.MinecraftServer/]: [Theplaiboy: Teleported Theplaiboy to JuanSBN]
[05Oct2025 14:53:34.513] [Server thread/WARN] [net.minecraft.server.level.ServerEntity/]: Fetching packet for removed entity ItemEntity['Air'/658, l='ServerLevel[world]', x=-81.99, y=-45.00, z=295.30, removed=DISCARDED]
[05Oct2025 14:53:34.757] [Server thread/WARN] [net.minecraft.server.level.ServerEntity/]: Fetching packet for removed entity ItemEntity['Air'/659, l='ServerLevel[world]', x=-83.88, y=-45.71, z=296.88, removed=DISCARDED]
[05Oct2025 14:53:36.265] [Server thread/WARN] [net.minecraft.server.level.ServerEntity/]: Fetching packet for removed entity ItemEntity['Air'/1017, l='ServerLevel[world]', x=-89.88, y=-53.00, z=310.13, removed=DISCARDED]
[05Oct2025 14:53:36.404] [Server thread/WARN] [net.minecraft.server.level.ServerEntity/]: Fetching packet for removed entity ItemEntity['Air'/1013, l='ServerLevel[world]', x=-88.64, y=-54.00, z=311.81, removed=DISCARDED]
[05Oct2025 14:53:36.493] [Server thread/WARN] [net.minecraft.server.level.ServerEntity/]: Fetching packet for removed entity ItemEntity['Air'/1006, l='ServerLevel[world]', x=-87.68, y=-53.00, z=313.09, removed=DISCARDED]
[05Oct2025 14:53:36.600] [Server thread/WARN] [net.minecraft.server.level.ServerEntity/]: Fetching packet for removed entity ItemEntity['Air'/1015, l='ServerLevel[world]', x=-82.42, y=-54.00, z=315.94, removed=DISCARDED]
[05Oct2025 14:53:36.601] [Server thread/WARN] [net.minecraft.server.level.ServerEntity/]: Fetching packet for removed entity ItemEntity['Air'/1011, l='ServerLevel[world]', x=-85.25, y=-54.00, z=315.27, removed=DISCARDED]
[05Oct2025 14:53:36.601] [Server thread/WARN] [net.minecraft.server.level.ServerEntity/]: Fetching packet for removed entity ItemEntity['Air'/1005, l='ServerLevel[world]', x=-89.88, y=-53.00, z=313.42, removed=DISCARDED]
[05Oct2025 14:53:36.649] [Server thread/WARN] [net.minecraft.server.level.ServerEntity/]: Fetching packet for removed entity ItemEntity['Air'/1016, l='ServerLevel[world]', x=-84.72, y=-54.00, z=315.65, removed=DISCARDED]
[05Oct2025 14:53:36.701] [Server thread/WARN] [net.minecraft.world.level.chunk.storage.ChunkSerializer/]: Found reference to unknown structure 'minecraft:trial_chambers' in chunk [-20, 32], discarding
[05Oct2025 14:53:36.702] [Server thread/WARN] [net.minecraft.world.level.chunk.storage.ChunkSerializer/]: Found reference to unknown structure 'minecraft:trial_chambers' in chunk [-19, 32], discarding
[05Oct2025 14:53:36.703] [Server thread/WARN] [net.minecraft.world.level.chunk.storage.ChunkSerializer/]: Found reference to unknown structure 'minecraft:trial_chambers' in chunk [-18, 32], discarding
[05Oct2025 14:53:36.714] [Server thread/WARN] [net.minecraft.world.level.chunk.storage.ChunkSerializer/]: Found reference to unknown structure 'minecraft:trial_chambers' in chunk [-20, 33], discarding
[05Oct2025 14:53:36.715] [Server thread/WARN] [net.minecraft.world.level.chunk.storage.ChunkSerializer/]: Found reference to unknown structure 'minecraft:trial_chambers' in chunk [-19, 33], discarding
[05Oct2025 14:53:36.748] [Server thread/WARN] [net.minecraft.world.level.chunk.storage.ChunkSerializer/]: Found reference to unknown structure 'minecraft:trial_chambers' in chunk [-22, 32], discarding
[05Oct2025 14:53:36.749] [Server thread/WARN] [net.minecraft.world.level.chunk.storage.ChunkSerializer/]: Found reference to unknown structure 'minecraft:trial_chambers' in chunk [-21, 32], discarding
[05Oct2025 14:53:36.749] [Server thread/WARN] [net.minecraft.world.level.chunk.storage.ChunkSerializer/]: Found reference to unknown structure 'minecraft:trial_chambers' in chunk [-22, 33], discarding
[05Oct2025 14:53:36.750] [Server thread/WARN] [net.minecraft.world.level.chunk.storage.ChunkSerializer/]: Found reference to unknown structure 'minecraft:trial_chambers' in chunk [-21, 33], discarding
[05Oct2025 14:53:36.821] [Server thread/WARN] [net.minecraft.server.level.ServerEntity/]: Fetching packet for removed entity ItemEntity['Air'/1004, l='ServerLevel[world]', x=-88.42, y=-53.00, z=316.08, removed=DISCARDED]
[05Oct2025 14:53:36.914] [Server thread/WARN] [net.minecraft.server.level.ServerEntity/]: Fetching packet for removed entity ItemEntity['Air'/1010, l='ServerLevel[world]', x=-89.88, y=-53.70, z=316.88, removed=DISCARDED]
[05Oct2025 14:53:36.963] [Server thread/WARN] [net.minecraft.server.level.ServerEntity/]: Fetching packet for removed entity ItemEntity['Air'/1014, l='ServerLevel[world]', x=-90.82, y=-52.00, z=316.99, removed=DISCARDED]
[05Oct2025 14:53:37.005] [Server thread/WARN] [net.minecraft.server.level.ServerEntity/]: Fetching packet for removed entity ItemEntity['Air'/1009, l='ServerLevel[world]', x=-92.88, y=-52.00, z=316.88, removed=DISCARDED]
[05Oct2025 14:53:37.049] [Server thread/WARN] [net.minecraft.server.level.ServerEntity/]: Fetching packet for removed entity ItemEntity['Air'/1018, l='ServerLevel[world]', x=-90.13, y=-53.00, z=318.30, removed=DISCARDED]
[05Oct2025 14:53:37.049] [Server thread/WARN] [net.minecraft.server.level.ServerEntity/]: Fetching packet for removed entity ItemEntity['Air'/1012, l='ServerLevel[world]', x=-92.88, y=-52.00, z=317.05, removed=DISCARDED]
[05Oct2025 14:53:37.094] [Server thread/WARN] [net.minecraft.server.level.ServerEntity/]: Fetching packet for removed entity ItemEntity['Air'/1007, l='ServerLevel[world]', x=-90.52, y=-53.00, z=318.85, removed=DISCARDED]
[05Oct2025 14:53:37.310] [Server thread/WARN] [net.minecraft.server.level.ServerEntity/]: Fetching packet for removed entity ItemEntity['Air'/1008, l='ServerLevel[world]', x=-93.55, y=-54.00, z=319.88, removed=DISCARDED]
[05Oct2025 14:53:39.947] [Server thread/WARN] [net.minecraft.world.level.chunk.storage.ChunkSerializer/]: Found reference to unknown structure 'minecraft:trial_chambers' in chunk [1, 33], discarding
[05Oct2025 14:53:39.949] [Server thread/WARN] [net.minecraft.world.level.chunk.storage.ChunkSerializer/]: Found reference to unknown structure 'minecraft:trial_chambers' in chunk [2, 33], discarding
[05Oct2025 14:53:39.950] [Server thread/WARN] [net.minecraft.world.level.chunk.storage.ChunkSerializer/]: Found reference to unknown structure 'minecraft:trial_chambers' in chunk [3, 33], discarding
[05Oct2025 14:53:39.950] [Server thread/WARN] [net.minecraft.world.level.chunk.storage.ChunkSerializer/]: Found reference to unknown structure 'minecraft:trial_chambers' in chunk [4, 33], discarding
[05Oct2025 14:53:39.951] [Server thread/WARN] [net.minecraft.world.level.chunk.storage.ChunkSerializer/]: Found reference to unknown structure 'minecraft:trial_chambers' in chunk [5, 33], discarding
[05Oct2025 14:53:39.956] [Server thread/WARN] [net.minecraft.world.level.chunk.storage.ChunkSerializer/]: Found reference to unknown structure 'minecraft:trial_chambers' in chunk [1, 34], discarding
[05Oct2025 14:53:39.956] [Server thread/WARN] [net.minecraft.world.level.chunk.storage.ChunkSerializer/]: Found reference to unknown structure 'minecraft:trial_chambers' in chunk [2, 34], discarding
[05Oct2025 14:53:39.957] [Server thread/WARN] [net.minecraft.world.level.chunk.storage.ChunkSerializer/]: Found reference to unknown structure 'minecraft:trial_chambers' in chunk [3, 34], discarding
[05Oct2025 14:53:39.958] [Server thread/WARN] [net.minecraft.world.level.chunk.storage.ChunkSerializer/]: Found reference to unknown structure 'minecraft:trial_chambers' in chunk [4, 34], discarding
[05Oct2025 14:53:39.959] [Server thread/WARN] [net.minecraft.world.level.chunk.storage.ChunkSerializer/]: Found reference to unknown structure 'minecraft:trial_chambers' in chunk [5, 34], discarding
[05Oct2025 14:53:39.963] [Server thread/WARN] [net.minecraft.world.level.chunk.storage.ChunkSerializer/]: Found reference to unknown structure 'minecraft:trial_chambers' in chunk [1, 35], discarding
[05Oct2025 14:53:39.964] [Server thread/WARN] [net.minecraft.world.level.chunk.storage.ChunkSerializer/]: Found reference to unknown structure 'minecraft:trial_chambers' in chunk [2, 35], discarding
[05Oct2025 14:53:39.965] [Server thread/WARN] [net.minecraft.world.level.chunk.storage.ChunkSerializer/]: Found reference to unknown structure 'minecraft:trial_chambers' in chunk [3, 35], discarding
[05Oct2025 14:53:39.966] [Server thread/WARN] [net.minecraft.world.level.chunk.storage.ChunkSerializer/]: Found reference to unknown structure 'minecraft:trial_chambers' in chunk [4, 35], discarding
[05Oct2025 14:53:39.967] [Server thread/WARN] [net.minecraft.world.level.chunk.storage.ChunkSerializer/]: Found reference to unknown structure 'minecraft:trial_chambers' in chunk [5, 35], discarding
[05Oct2025 14:53:39.970] [Server thread/WARN] [net.minecraft.world.level.chunk.storage.ChunkSerializer/]: Found reference to unknown structure 'minecraft:trial_chambers' in chunk [1, 36], discarding
[05Oct2025 14:53:39.970] [Server thread/WARN] [net.minecraft.world.level.chunk.storage.ChunkSerializer/]: Found reference to unknown structure 'minecraft:trial_chambers' in chunk [2, 36], discarding
[05Oct2025 14:53:39.971] [Server thread/WARN] [net.minecraft.world.level.chunk.storage.ChunkSerializer/]: Found reference to unknown structure 'minecraft:trial_chambers' in chunk [3, 36], discarding
[05Oct2025 14:53:39.972] [Server thread/WARN] [net.minecraft.world.level.chunk.storage.ChunkSerializer/]: Found reference to unknown structure 'minecraft:trial_chambers' in chunk [4, 36], discarding
[05Oct2025 14:53:39.973] [Server thread/WARN] [net.minecraft.world.level.chunk.storage.ChunkSerializer/]: Found reference to unknown structure 'minecraft:trial_chambers' in chunk [5, 36], discarding
[05Oct2025 14:53:39.977] [Server thread/WARN] [net.minecraft.world.level.chunk.storage.ChunkSerializer/]: Found reference to unknown structure 'minecraft:trial_chambers' in chunk [1, 37], discarding
[05Oct2025 14:53:39.978] [Server thread/WARN] [net.minecraft.world.level.chunk.storage.ChunkSerializer/]: Found reference to unknown structure 'minecraft:trial_chambers' in chunk [2, 37], discarding
[05Oct2025 14:53:39.979] [Server thread/WARN] [net.minecraft.world.level.chunk.storage.ChunkSerializer/]: Found reference to unknown structure 'minecraft:trial_chambers' in chunk [3, 37], discarding
[05Oct2025 14:53:39.980] [Server thread/WARN] [net.minecraft.world.level.chunk.storage.ChunkSerializer/]: Found reference to unknown structure 'minecraft:trial_chambers' in chunk [4, 37], discarding
[05Oct2025 14:53:39.980] [Server thread/WARN] [net.minecraft.world.level.chunk.storage.ChunkSerializer/]: Found reference to unknown structure 'minecraft:trial_chambers' in chunk [5, 37], discarding
[05Oct2025 14:53:39.999] [Server thread/WARN] [net.minecraft.world.level.chunk.storage.ChunkSerializer/]: Found reference to unknown structure 'minecraft:trial_chambers' in chunk [1, 38], discarding
[05Oct2025 14:53:40.000] [Server thread/WARN] [net.minecraft.world.level.chunk.storage.ChunkSerializer/]: Found reference to unknown structure 'minecraft:trial_chambers' in chunk [2, 38], discarding
[05Oct2025 14:53:40.001] [Server thread/WARN] [net.minecraft.world.level.chunk.storage.ChunkSerializer/]: Found reference to unknown structure 'minecraft:trial_chambers' in chunk [3, 38], discarding
[05Oct2025 14:53:40.003] [Server thread/WARN] [net.minecraft.world.level.chunk.storage.ChunkSerializer/]: Found reference to unknown structure 'minecraft:trial_chambers' in chunk [4, 38], discarding
[05Oct2025 14:53:40.004] [Server thread/WARN] [net.minecraft.world.level.chunk.storage.ChunkSerializer/]: Found reference to unknown structure 'minecraft:trial_chambers' in chunk [5, 38], discarding
[05Oct2025 14:53:40.005] [Server thread/WARN] [net.minecraft.world.level.chunk.storage.ChunkSerializer/]: Found reference to unknown structure 'minecraft:trial_chambers' in chunk [6, 38], discarding
[05Oct2025 14:53:40.022] [Server thread/WARN] [net.minecraft.world.level.chunk.storage.ChunkSerializer/]: Found reference to unknown structure 'minecraft:trial_chambers' in chunk [1, 39], discarding
[05Oct2025 14:53:40.023] [Server thread/WARN] [net.minecraft.world.level.chunk.storage.ChunkSerializer/]: Found reference to unknown structure 'minecraft:trial_chambers' in chunk [3, 39], discarding
[05Oct2025 14:53:40.023] [Server thread/WARN] [net.minecraft.world.level.chunk.storage.ChunkSerializer/]: Found reference to unknown structure 'minecraft:trial_chambers' in chunk [4, 39], discarding
[05Oct2025 14:53:40.024] [Server thread/WARN] [net.minecraft.world.level.chunk.storage.ChunkSerializer/]: Found reference to unknown structure 'minecraft:trial_chambers' in chunk [5, 39], discarding
[05Oct2025 14:53:40.025] [Server thread/ERROR] [net.minecraft.world.level.chunk.storage.ChunkSerializer/]: Unknown structure start: minecraft:trial_chambers
[05Oct2025 14:53:40.025] [Server thread/WARN] [net.minecraft.world.level.chunk.storage.ChunkSerializer/]: Found reference to unknown structure 'minecraft:trial_chambers' in chunk [6, 39], discarding
[05Oct2025 14:53:40.025] [Server thread/WARN] [net.minecraft.world.level.chunk.storage.ChunkSerializer/]: Found reference to unknown structure 'minecraft:trial_chambers' in chunk [7, 39], discarding
[05Oct2025 14:53:40.037] [Server thread/WARN] [net.minecraft.world.level.chunk.storage.ChunkSerializer/]: Found reference to unknown structure 'minecraft:trial_chambers' in chunk [1, 40], discarding
[05Oct2025 14:53:40.038] [Server thread/WARN] [net.minecraft.world.level.chunk.storage.ChunkSerializer/]: Found reference to unknown structure 'minecraft:trial_chambers' in chunk [2, 40], discarding
[05Oct2025 14:53:40.038] [Server thread/WARN] [net.minecraft.world.level.chunk.storage.ChunkSerializer/]: Found reference to unknown structure 'minecraft:trial_chambers' in chunk [3, 40], discarding
[05Oct2025 14:53:40.051] [Server thread/WARN] [net.minecraft.world.level.chunk.storage.ChunkSerializer/]: Found reference to unknown structure 'minecraft:trial_chambers' in chunk [10, 39], discarding
[05Oct2025 14:53:40.491] [Server thread/WARN] [net.minecraft.world.level.chunk.storage.ChunkSerializer/]: Found reference to unknown structure 'minecraft:trial_chambers' in chunk [-24, 32], discarding
[05Oct2025 14:53:40.491] [Server thread/WARN] [net.minecraft.world.level.chunk.storage.ChunkSerializer/]: Found reference to unknown structure 'minecraft:trial_chambers' in chunk [-23, 32], discarding
[05Oct2025 14:53:40.493] [Server thread/WARN] [net.minecraft.world.level.chunk.storage.ChunkSerializer/]: Found reference to unknown structure 'minecraft:trial_chambers' in chunk [-24, 33], discarding
[05Oct2025 14:53:40.494] [Server thread/WARN] [net.minecraft.world.level.chunk.storage.ChunkSerializer/]: Found reference to unknown structure 'minecraft:trial_chambers' in chunk [-23, 33], discarding
[05Oct2025 14:53:41.763] [Server thread/WARN] [net.minecraft.server.level.ServerEntity/]: Fetching packet for removed entity ItemEntity['Air'/1538, l='ServerLevel[world]', x=-33.03, y=8.75, z=375.13, removed=DISCARDED]
[05Oct2025 14:53:56.717] [Server thread/WARN] [net.minecraft.world.level.block.entity.BlockEntity/]: Skipping BlockEntity with id minecraft:vault
[05Oct2025 14:54:01.345] [Server thread/WARN] [net.minecraft.world.level.block.entity.BlockEntity/]: Skipping BlockEntity with id minecraft:trial_spawner
[05Oct2025 14:54:01.345] [Server thread/WARN] [net.minecraft.world.level.block.entity.BlockEntity/]: Skipping BlockEntity with id minecraft:vault
[05Oct2025 14:54:01.455] [Server thread/WARN] [net.minecraft.server.level.ServerEntity/]: Fetching packet for removed entity ItemEntity['Air'/2904, l='ServerLevel[world]', x=-187.13, y=-3.00, z=383.51, removed=DISCARDED]
[05Oct2025 14:54:01.456] [Server thread/WARN] [net.minecraft.server.level.ServerEntity/]: Fetching packet for removed entity ItemEntity['Air'/2903, l='ServerLevel[world]', x=-187.65, y=-3.00, z=382.22, removed=DISCARDED]
[05Oct2025 14:54:01.793] [Server thread/WARN] [net.minecraft.server.level.ServerEntity/]: Fetching packet for removed entity ItemEntity['Air'/6999, l='ServerLevel[world]', x=-193.41, y=52.00, z=377.13, removed=DISCARDED]
[05Oct2025 14:54:11.022] [Server thread/WARN] [net.minecraft.world.level.block.entity.BlockEntity/]: Skipping BlockEntity with id minecraft:vault
[05Oct2025 14:54:11.022] [Server thread/WARN] [net.minecraft.world.level.block.entity.BlockEntity/]: Skipping BlockEntity with id minecraft:vault
[05Oct2025 14:54:11.022] [Server thread/WARN] [net.minecraft.world.level.block.entity.BlockEntity/]: Skipping BlockEntity with id minecraft:vault
[05Oct2025 14:54:11.022] [Server thread/WARN] [net.minecraft.world.level.block.entity.BlockEntity/]: Skipping BlockEntity with id minecraft:vault
[05Oct2025 14:54:11.990] [Server thread/WARN] [net.minecraft.world.level.block.entity.BlockEntity/]: Skipping BlockEntity with id minecraft:vault
[05Oct2025 14:54:11.999] [Server thread/WARN] [net.minecraft.world.level.block.entity.BlockEntity/]: Skipping BlockEntity with id minecraft:vault
[05Oct2025 14:54:11.999] [Server thread/WARN] [net.minecraft.world.level.block.entity.BlockEntity/]: Skipping BlockEntity with id minecraft:vault
[05Oct2025 14:54:11.999] [Server thread/WARN] [net.minecraft.world.level.block.entity.BlockEntity/]: Skipping BlockEntity with id minecraft:vault
[05Oct2025 14:54:12.001] [Server thread/WARN] [net.minecraft.world.level.block.entity.BlockEntity/]: Skipping BlockEntity with id minecraft:trial_spawner
[05Oct2025 14:54:12.002] [Server thread/WARN] [net.minecraft.world.level.block.entity.BlockEntity/]: Skipping BlockEntity with id minecraft:trial_spawner
[05Oct2025 14:54:12.002] [Server thread/WARN] [net.minecraft.world.level.block.entity.BlockEntity/]: Skipping BlockEntity with id minecraft:vault
[05Oct2025 14:54:12.003] [Server thread/WARN] [net.minecraft.world.level.block.entity.BlockEntity/]: Skipping BlockEntity with id minecraft:trial_spawner
[05Oct2025 14:54:12.003] [Server thread/WARN] [net.minecraft.world.level.block.entity.BlockEntity/]: Skipping BlockEntity with id minecraft:trial_spawner
[05Oct2025 14:54:12.004] [Server thread/WARN] [net.minecraft.world.level.block.entity.BlockEntity/]: Skipping BlockEntity with id minecraft:trial_spawner
[05Oct2025 14:54:12.006] [Server thread/WARN] [net.minecraft.world.level.block.entity.BlockEntity/]: Skipping BlockEntity with id minecraft:vault
[05Oct2025 14:54:12.006] [Server thread/WARN] [net.minecraft.world.level.block.entity.BlockEntity/]: Skipping BlockEntity with id minecraft:vault
[05Oct2025 14:54:13.107] [Server thread/WARN] [net.minecraft.world.level.block.entity.BlockEntity/]: Skipping BlockEntity with id minecraft:vault
[05Oct2025 14:54:13.107] [Server thread/WARN] [net.minecraft.world.level.block.entity.BlockEntity/]: Skipping BlockEntity with id minecraft:vault
[05Oct2025 14:54:13.107] [Server thread/WARN] [net.minecraft.world.level.block.entity.BlockEntity/]: Skipping BlockEntity with id minecraft:vault
[05Oct2025 14:54:13.108] [Server thread/WARN] [net.minecraft.world.level.block.entity.BlockEntity/]: Skipping BlockEntity with id minecraft:vault
[05Oct2025 14:54:13.108] [Server thread/WARN] [net.minecraft.world.level.block.entity.BlockEntity/]: Skipping BlockEntity with id minecraft:vault
[05Oct2025 14:54:13.108] [Server thread/WARN] [net.minecraft.world.level.block.entity.BlockEntity/]: Skipping BlockEntity with id minecraft:vault
[05Oct2025 14:54:13.110] [Server thread/WARN] [net.minecraft.world.level.block.entity.BlockEntity/]: Skipping BlockEntity with id minecraft:trial_spawner
[05Oct2025 14:54:13.110] [Server thread/WARN] [net.minecraft.world.level.block.entity.BlockEntity/]: Skipping BlockEntity with id minecraft:trial_spawner
[05Oct2025 14:54:13.366] [Server thread/WARN] [net.minecraft.server.level.ServerEntity/]: Fetching packet for removed entity ItemEntity['Air'/7110, l='ServerLevel[world]', x=-106.24, y=74.00, z=491.93, removed=DISCARDED]
[05Oct2025 14:54:13.550] [Server thread/WARN] [net.minecraft.server.level.ServerEntity/]: Fetching packet for removed entity ItemEntity['Air'/7109, l='ServerLevel[world]', x=-101.61, y=73.00, z=494.64, removed=DISCARDED]
[05Oct2025 14:54:14.345] [Server thread/WARN] [net.minecraft.server.level.ServerEntity/]: Fetching packet for removed entity ItemEntity['Air'/7104, l='ServerLevel[world]', x=-139.13, y=9.00, z=482.63, removed=DISCARDED]
[05Oct2025 14:54:14.395] [Server thread/WARN] [net.minecraft.server.level.ServerEntity/]: Fetching packet for removed entity ItemEntity['Air'/7103, l='ServerLevel[world]', x=-139.13, y=8.74, z=483.13, removed=DISCARDED]
[05Oct2025 14:54:15.395] [Server thread/WARN] [net.minecraft.server.level.ServerEntity/]: Fetching packet for removed entity ItemEntity['Air'/2904, l='ServerLevel[world]', x=-187.13, y=-3.00, z=383.51, removed=DISCARDED]
[05Oct2025 14:54:15.501] [Server thread/WARN] [net.minecraft.server.level.ServerEntity/]: Fetching packet for removed entity ItemEntity['Air'/2903, l='ServerLevel[world]', x=-187.65, y=-3.00, z=382.22, removed=DISCARDED]
[05Oct2025 14:54:16.072] [Server thread/WARN] [net.minecraft.world.level.block.entity.BlockEntity/]: Skipping BlockEntity with id minecraft:vault
[05Oct2025 14:54:16.105] [Server thread/WARN] [net.minecraft.server.level.ServerEntity/]: Fetching packet for removed entity ItemEntity['Air'/6999, l='ServerLevel[world]', x=-193.41, y=52.00, z=377.13, removed=DISCARDED]
[05Oct2025 14:54:16.105] [Server thread/WARN] [net.minecraft.world.level.block.entity.BlockEntity/]: Skipping BlockEntity with id minecraft:trial_spawner
[05Oct2025 14:54:16.105] [Server thread/WARN] [net.minecraft.world.level.block.entity.BlockEntity/]: Skipping BlockEntity with id minecraft:vault
[05Oct2025 14:54:16.106] [Server thread/WARN] [net.minecraft.world.level.block.entity.BlockEntity/]: Skipping BlockEntity with id minecraft:trial_spawner
[05Oct2025 14:54:16.106] [Server thread/WARN] [net.minecraft.world.level.block.entity.BlockEntity/]: Skipping BlockEntity with id minecraft:trial_spawner
[05Oct2025 14:54:20.163] [Server thread/WARN] [net.minecraft.server.level.ServerEntity/]: Fetching packet for removed entity ItemEntity['Air'/1008, l='ServerLevel[world]', x=-93.55, y=-54.00, z=319.88, removed=DISCARDED]
[05Oct2025 14:54:20.397] [Server thread/WARN] [net.minecraft.server.level.ServerEntity/]: Fetching packet for removed entity ItemEntity['Air'/1007, l='ServerLevel[world]', x=-90.52, y=-53.00, z=318.85, removed=DISCARDED]
[05Oct2025 14:54:20.443] [Server thread/WARN] [net.minecraft.server.level.ServerEntity/]: Fetching packet for removed entity ItemEntity['Air'/1018, l='ServerLevel[world]', x=-90.13, y=-53.00, z=318.30, removed=DISCARDED]
[05Oct2025 14:54:20.520] [Server thread/WARN] [net.minecraft.server.level.ServerEntity/]: Fetching packet for removed entity ItemEntity['Air'/1009, l='ServerLevel[world]', x=-92.88, y=-52.00, z=316.88, removed=DISCARDED]
[05Oct2025 14:54:20.520] [Server thread/WARN] [net.minecraft.server.level.ServerEntity/]: Fetching packet for removed entity ItemEntity['Air'/1012, l='ServerLevel[world]', x=-92.88, y=-52.00, z=317.05, removed=DISCARDED]
[05Oct2025 14:54:20.545] [Server thread/WARN] [net.minecraft.server.level.ServerEntity/]: Fetching packet for removed entity ItemEntity['Air'/1014, l='ServerLevel[world]', x=-90.82, y=-52.00, z=316.99, removed=DISCARDED]
[05Oct2025 14:54:20.598] [Server thread/WARN] [net.minecraft.server.level.ServerEntity/]: Fetching packet for removed entity ItemEntity['Air'/1010, l='ServerLevel[world]', x=-89.88, y=-53.70, z=316.88, removed=DISCARDED]
[05Oct2025 14:54:20.649] [Server thread/WARN] [net.minecraft.server.level.ServerEntity/]: Fetching packet for removed entity ItemEntity['Air'/1538, l='ServerLevel[world]', x=-33.03, y=8.75, z=375.13, removed=DISCARDED]
[05Oct2025 14:54:20.752] [Server thread/WARN] [net.minecraft.server.level.ServerEntity/]: Fetching packet for removed entity ItemEntity['Air'/1004, l='ServerLevel[world]', x=-88.42, y=-53.00, z=316.08, removed=DISCARDED]
[05Oct2025 14:54:20.918] [Server thread/WARN] [net.minecraft.server.level.ServerEntity/]: Fetching packet for removed entity ItemEntity['Air'/1016, l='ServerLevel[world]', x=-84.72, y=-54.00, z=315.65, removed=DISCARDED]
[05Oct2025 14:54:20.942] [Server thread/WARN] [net.minecraft.server.level.ServerEntity/]: Fetching packet for removed entity ItemEntity['Air'/1015, l='ServerLevel[world]', x=-82.42, y=-54.00, z=315.94, removed=DISCARDED]
[05Oct2025 14:54:20.943] [Server thread/WARN] [net.minecraft.server.level.ServerEntity/]: Fetching packet for removed entity ItemEntity['Air'/1011, l='ServerLevel[world]', x=-85.25, y=-54.00, z=315.27, removed=DISCARDED]
[05Oct2025 14:54:20.943] [Server thread/WARN] [net.minecraft.server.level.ServerEntity/]: Fetching packet for removed entity ItemEntity['Air'/1005, l='ServerLevel[world]', x=-89.88, y=-53.00, z=313.42, removed=DISCARDED]
[05Oct2025 14:54:21.056] [Server thread/WARN] [net.minecraft.server.level.ServerEntity/]: Fetching packet for removed entity ItemEntity['Air'/1006, l='ServerLevel[world]', x=-87.68, y=-53.00, z=313.09, removed=DISCARDED]
[05Oct2025 14:54:21.161] [Server thread/WARN] [net.minecraft.server.level.ServerEntity/]: Fetching packet for removed entity ItemEntity['Air'/1013, l='ServerLevel[world]', x=-88.64, y=-54.00, z=311.81, removed=DISCARDED]
[05Oct2025 14:54:21.356] [Server thread/WARN] [net.minecraft.server.level.ServerEntity/]: Fetching packet for removed entity ItemEntity['Air'/1017, l='ServerLevel[world]', x=-89.88, y=-53.00, z=310.13, removed=DISCARDED]
[05Oct2025 14:54:23.249] [Server thread/WARN] [net.minecraft.world.level.block.entity.BlockEntity/]: Skipping BlockEntity with id minecraft:vault
[05Oct2025 14:54:23.249] [Server thread/WARN] [net.minecraft.world.level.block.entity.BlockEntity/]: Skipping BlockEntity with id minecraft:trial_spawner
[05Oct2025 14:54:23.249] [Server thread/WARN] [net.minecraft.world.level.block.entity.BlockEntity/]: Skipping BlockEntity with id minecraft:vault
[05Oct2025 14:54:24.805] [Server thread/WARN] [net.minecraft.world.level.block.entity.BlockEntity/]: Skipping BlockEntity with id minecraft:vault
[05Oct2025 14:54:32.845] [Server thread/DEBUG] [net.minecraftforge.common.ForgeHooks/WP]: Gathering id map for writing to world save world
[05Oct2025 14:54:32.849] [Server thread/DEBUG] [net.minecraftforge.common.ForgeHooks/WP]: ID Map collection complete world
[05Oct2025 14:54:40.486] [Server thread/INFO] [net.minecraft.server.commands.LocateCommand/]: Locating element #minecraft:eye_of_ender_located (minecraft:stronghold) took 20 ms
[05Oct2025 14:54:47.183] [Server thread/INFO] [net.minecraft.server.MinecraftServer/]: [Theplaiboy: Teleported Theplaiboy to 784.500000, -5.405681, 2016.500000]
[05Oct2025 14:55:39.602] [Server thread/INFO] [net.minecraft.server.MinecraftServer/]: Theplaiboy has made the advancement [Eye Spy]
[05Oct2025 14:56:07.135] [Server thread/INFO] [net.minecraft.server.MinecraftServer/]: [Theplaiboy: Set own game mode to Creative Mode]
[05Oct2025 14:57:22.046] [Server thread/INFO] [net.minecraft.server.MinecraftServer/]: [Theplaiboy: Set own game mode to Spectator Mode]
[05Oct2025 14:57:40.217] [Server thread/INFO] [net.minecraft.server.MinecraftServer/]: [Theplaiboy: Set own game mode to Creative Mode]
[05Oct2025 14:58:09.493] [Server thread/INFO] [net.minecraft.server.commands.LocateCommand/]: Locating element #minecraft:eye_of_ender_located (minecraft:stronghold) took 0 ms
[05Oct2025 14:58:18.053] [Server thread/INFO] [net.minecraft.server.MinecraftServer/]: [Theplaiboy: Teleported Theplaiboy to 999.500000, 999.000000, 999.500000]
[05Oct2025 14:58:22.002] [Server thread/INFO] [net.minecraft.server.commands.LocateCommand/]: Locating element #minecraft:eye_of_ender_located (minecraft:stronghold) took 0 ms
[05Oct2025 14:58:39.341] [Server thread/INFO] [net.minecraft.server.MinecraftServer/]: [Theplaiboy: Teleported Theplaiboy to -9999.500000, 1000.000000, 70.500000]
[05Oct2025 14:58:39.341] [Server thread/WARN] [net.minecraft.server.MinecraftServer/]: Can't keep up! Is the server overloaded? Running 2019ms or 40 ticks behind
[05Oct2025 14:58:39.381] [Server thread/WARN] [net.minecraft.server.network.ServerGamePacketListenerImpl/]: Theplaiboy moved too quickly! 0.0,-10.806526110009258,0.0
[05Oct2025 14:58:44.393] [Server thread/INFO] [net.minecraft.server.commands.LocateCommand/]: Locating element #minecraft:eye_of_ender_located (minecraft:stronghold) took 1207 ms
[05Oct2025 14:58:44.401] [Server thread/WARN] [net.minecraft.server.network.ServerGamePacketListenerImpl/]: Theplaiboy moved too quickly! 0.0,-18.502473639172763,0.0
[05Oct2025 14:59:16.955] [Server thread/INFO] [net.minecraft.server.MinecraftServer/]: [Theplaiboy: Teleported Theplaiboy to -11375.500000, 71.076851, 560.500000]
